timestep,node_idx,water_level,inlet_flow
0,0,293.1407,0.0
0,1,287.40784,0.0
0,2,310.8939,1.8637719
0,3,309.93808,0.5909756
0,4,310.8939,0.0
0,5,313.18546,0.0
0,6,324.9165,-0.0
0,7,345.26065,0.0
0,8,347.95245,-0.0
0,9,312.74127,0.0
0,10,295.9662,0.48818564
0,11,293.86774,-0.0
0,12,296.10495,0.0
0,13,297.95224,1.3241422
0,14,297.59918,1.4333562
0,15,298.2333,0.0
0,16,304.73993,0.7906286
1,0,293.13467,0.0
1,1,287.4046,0.0
1,2,310.8895,1.8568274
1,3,309.93433,0.5879761
1,4,310.8895,0.0
1,5,313.18546,0.0
1,6,324.9165,-0.0
1,7,345.26065,0.0
1,8,347.95245,-0.0
1,9,312.73825,0.0
1,10,295.96594,0.4869636
1,11,293.8613,-0.0
1,12,296.10037,0.0
1,13,297.95282,1.3283848
1,14,297.60495,1.4752674
1,15,298.22955,0.0
1,16,304.73642,0.78418756
2,0,293.13184,0.0
2,1,287.40225,0.0
2,2,310.88715,1.8531556
2,3,309.93234,0.58644974
2,4,310.88715,0.0
2,5,313.18546,0.0
2,6,324.9165,-0.0
2,7,345.26065,0.0
2,8,347.95245,-0.0
2,9,312.73663,0.0
2,10,295.96582,0.48633766
2,11,293.85837,-0.0
2,12,296.09546,0.0
2,13,297.95157,1.320896
2,14,297.60696,1.4939263
2,15,298.22745,0.0
2,16,304.73447,0.77982163
3,0,293.12964,0.0
3,1,287.40088,0.0
3,2,310.88602,1.8512135
3,3,309.93137,0.58564866
3,4,310.88602,0.0
3,5,313.18546,0.0
3,6,324.9165,-0.0
3,7,345.26065,0.0
3,8,347.95245,-0.0
3,9,312.7359,0.0
3,10,295.96576,0.48602635
3,11,293.85745,-0.0
3,12,296.0914,0.0
3,13,297.9487,1.3007231
3,14,297.59906,1.436897
3,15,298.22638,0.0
3,16,304.73343,0.7769178
4,0,293.1274,0.0
4,1,287.40057,0.0
4,2,310.88553,1.8501476
4,3,309.93094,0.58520174
4,4,310.88553,0.0
4,5,313.18546,0.0
4,6,324.9165,-0.0
4,7,345.26065,0.0
4,8,347.95245,-0.0
4,9,312.73563,0.0
4,10,295.96573,0.4858747
4,11,293.85565,-0.0
4,12,296.09183,0.0
4,13,297.949,1.3018898
4,14,297.5973,1.4198416
4,15,298.22583,0.0
4,16,304.73294,0.77501804
5,0,293.12714,0.0
5,1,287.4002,0.0
5,2,310.88538,1.8495395
5,3,309.9308,0.5849449
5,4,310.88538,0.0
5,5,313.18546,0.0
5,6,324.9165,-0.0
5,7,345.26065,0.0
5,8,347.95245,-0.0
5,9,312.73557,0.0
5,10,295.9657,0.4858019
5,11,293.85434,-0.0
5,12,296.09256,0.0
5,13,297.95044,1.3122877
5,14,297.60477,1.4755583
5,15,298.22562,0.0
5,16,304.73273,0.77378833
6,0,293.12747,0.0
6,1,287.39963,0.0
6,2,310.88535,1.8491828
6,3,309.93076,0.584794
6,4,310.88535,0.0
6,5,313.18546,0.0
6,6,324.9165,-0.0
6,7,345.26065,0.0
6,8,347.95245,-0.0
6,9,312.7356,0.0
6,10,295.9657,0.48576722
6,11,293.85507,-0.0
6,12,296.08994,0.0
6,13,297.94852,1.2996405
6,14,297.6012,1.4528079
6,15,298.2255,0.0
6,16,304.73264,0.77300215
7,0,293.1601,0.0
7,1,287.42056,0.0
7,2,310.91928,1.9419423
7,3,309.9644,0.6731514
7,4,310.91797,0.0
7,5,313.18546,0.0
7,6,324.9165,-0.0
7,7,345.26065,0.0
7,8,347.95245,-0.0
7,9,312.75922,0.0
7,10,295.98145,0.56750757
7,11,293.8892,-0.0
7,12,296.13205,0.0
7,13,297.9605,1.382742
7,14,297.60934,1.5126933
7,15,298.25342,0.0
7,16,304.7604,0.8454122
8,0,293.22083,0.0
8,1,287.4539,0.0
8,2,310.9544,2.0521472
8,3,309.9972,0.73146003
8,4,310.95352,0.0
8,5,313.18546,0.0
8,6,324.9165,-0.0
8,7,345.26065,0.0
8,8,347.95245,-0.0
8,9,312.77844,0.0
8,10,295.98773,0.60094595
8,11,293.9437,-0.0
8,12,296.1965,0.0
8,13,297.98135,1.531024
8,14,297.63834,1.7283711
8,15,298.28754,0.0
8,16,304.79315,0.93841916
9,0,293.26636,0.0
9,1,287.47797,0.0
9,2,310.98044,2.1318007
9,3,310.02094,0.7700237
9,4,310.97977,0.0
9,5,313.18546,0.0
9,6,324.9165,-0.0
9,7,345.26065,0.0
9,8,347.95245,-0.0
9,9,312.793,0.0
9,10,295.9905,0.615849
9,11,293.9872,-0.0
9,12,296.23975,0.0
9,13,297.9923,1.6090504
9,14,297.64188,1.7543476
9,15,298.3114,0.0
9,16,304.81598,0.9965575
10,0,293.29788,0.0
10,1,287.49466,0.0
10,2,310.99966,2.1774077
10,3,310.039,0.80563426
10,4,310.99915,0.0
10,5,313.18546,0.0
10,6,324.9165,-0.0
10,7,345.26065,0.0
10,8,347.95245,-0.0
10,9,312.80505,0.0
10,10,295.9921,0.62428284
10,11,294.0169,-0.0
10,12,296.27203,0.0
10,13,298.00046,1.6677932
10,14,297.64978,1.8126359
10,15,298.32877,0.0
10,16,304.83246,1.0316088
11,0,293.32175,0.0
11,1,287.50647,0.0
11,2,311.01337,2.199893
11,3,310.0524,0.8362728
11,4,311.01306,0.0
11,5,313.18546,0.0
11,6,324.9165,-0.0
11,7,345.26065,0.0
11,8,347.95245,-0.0
11,9,312.81427,0.0
11,10,295.9931,0.6296885
11,11,294.03876,-0.0
11,12,296.2964,0.0
11,13,298.01004,1.7392948
11,14,297.661,1.8998208
11,15,298.34198,0.0
11,16,304.84506,1.0613143
12,0,293.3384,0.0
12,1,287.51508,0.0
12,2,311.0225,2.2110188
12,3,310.06116,0.85515076
12,4,311.0223,0.0
12,5,313.18546,0.0
12,6,324.9165,-0.0
12,7,345.26065,0.0
12,8,347.95245,-0.0
12,9,312.82065,0.0
12,10,295.99368,0.6329112
12,11,294.05328,-0.0
12,12,296.31583,0.0
12,13,298.0191,1.8054706
12,14,297.67245,1.9863461
12,15,298.35098,0.0
12,16,304.85364,1.0834371
13,0,293.3198,0.0
13,1,287.50436,0.0
13,2,311.0013,2.1582117
13,3,310.03876,0.77599186
13,4,311.0013,0.0
13,5,313.18546,0.0
13,6,324.9165,-0.0
13,7,345.26065,0.0
13,8,347.95245,-0.0
13,9,312.80533,0.0
13,10,295.98077,0.5638558
13,11,294.0334,-0.0
13,12,296.29208,0.0
13,13,298.0128,1.7562684
13,14,297.6652,1.9272165
13,15,298.33344,0.0
13,16,304.83524,1.0280011
14,0,293.27704,0.0
14,1,287.48102,0.0
14,2,310.97708,2.0852706
14,3,310.01416,0.71136177
14,4,310.97708,0.0
14,5,313.18546,0.0
14,6,324.9165,-0.0
14,7,345.26065,0.0
14,8,347.95245,-0.0
14,9,312.79184,0.0
14,10,295.97586,0.538007
14,11,293.9923,-0.0
14,12,296.2456,0.0
14,13,297.99887,1.6551349
14,14,297.65222,1.8299131
14,15,298.30856,0.0
14,16,304.81143,0.95983714
15,0,293.2423,0.0
15,1,287.46213,0.0
15,2,310.95883,2.0221872
15,3,309.99664,0.6750722
15,4,310.95883,0.0
15,5,313.18546,0.0
15,6,324.9165,-0.0
15,7,345.26065,0.0
15,8,347.95245,-0.0
15,9,312.78247,0.0
15,10,295.97348,0.52575254
15,11,293.96103,-0.0
15,12,296.20633,0.0
15,13,297.9813,1.5298349
15,14,297.63376,1.694293
15,15,298.29025,0.0
15,16,304.7942,0.91090596
16,0,293.21625,0.0
16,1,287.44937,0.0
16,2,310.9439,1.977837
16,3,309.98303,0.6539463
16,4,310.9439,0.0
16,5,313.18546,0.0
16,6,324.9165,-0.0
16,7,345.26065,0.0
16,8,347.95245,-0.0
16,9,312.77386,0.0
16,10,295.9719,0.51750016
16,11,293.9361,-0.0
16,12,296.1845,0.0
16,13,297.9763,1.4930806
16,14,297.62787,1.6438512
16,15,298.27695,0.0
16,16,304.7815,0.8823038
17,0,293.19864,0.0
17,1,287.43988,0.0
17,2,310.93274,1.9499347
17,3,309.97305,0.64048415
17,4,310.93274,0.0
17,5,313.18546,0.0
17,6,324.9165,-0.0
17,7,345.26065,0.0
17,8,347.95245,-0.0
17,9,312.76703,0.0
17,10,295.97095,0.5126303
17,11,293.92117,-0.0
17,12,296.16394,0.0
17,13,297.96857,1.4383175
17,14,297.61398,1.542693
17,15,298.26727,0.0
17,16,304.77225,0.8637295
18,0,293.18738,0.0
18,1,287.43283,0.0
18,2,310.92517,1.9327866
18,3,309.96634,0.63237137
18,4,310.92517,0.0
18,5,313.18546,0.0
18,6,324.9165,-0.0
18,7,345.26065,0.0
18,8,347.95245,-0.0
18,9,312.76224,0.0
18,10,295.97046,0.5100559
18,11,293.91068,-0.0
18,12,296.15048,0.0
18,13,297.96442,1.4100966
18,14,297.61407,1.547352
18,15,298.26053,0.0
18,16,304.76584,0.8491537
19,0,293.1797,0.0
19,1,287.42828,0.0
19,2,310.92047,1.9231607
19,3,309.9622,0.6278899
19,4,310.92047,0.0
19,5,313.18546,0.0
19,6,324.9165,-0.0
19,7,345.26065,0.0
19,8,347.95245,-0.0
19,9,312.7592,0.0
19,10,295.97018,0.50871986
19,11,293.9031,-0.0
19,12,296.14294,0.0
19,13,297.96265,1.398276
19,14,297.61642,1.5656195
19,15,298.25616,0.0
19,16,304.76172,0.8384523
20,0,293.17465,0.0
20,1,287.42554,0.0
20,2,310.91776,1.9179753
20,3,309.95984,0.62554055
20,4,310.91776,0.0
20,5,313.18546,0.0
20,6,324.9165,-0.0
20,7,345.26065,0.0
20,8,347.95245,-0.0
20,9,312.75745,0.0
20,10,295.97006,0.5080481
20,11,293.89816,-0.0
20,12,296.1386,0.0
20,13,297.9617,1.3919276
20,14,297.61752,1.5736295
20,15,298.2536,0.0
20,16,304.7593,0.8318326
21,0,293.17163,0.0
21,1,287.42395,0.0
21,2,310.91635,1.9151725
21,3,309.9586,0.624273
21,4,310.91635,0.0
21,5,313.18546,0.0
21,6,324.9165,-0.0
21,7,345.26065,0.0
21,8,347.95245,-0.0
21,9,312.75653,0.0
21,10,295.97,0.50771874
21,11,293.89526,-0.0
21,12,296.1362,0.0
21,13,297.96115,1.3881931
21,14,297.61777,1.5750645
21,15,298.25223,0.0
21,16,304.75803,0.82792455
22,0,293.16983,0.0
22,1,287.423,0.0
22,2,310.91565,1.9136685
22,3,309.95795,0.62360233
22,4,310.91565,0.0
22,5,313.18546,0.0
22,6,324.9165,-0.0
22,7,345.26065,0.0
22,8,347.95245,-0.0
22,9,312.75607,0.0
22,10,295.96997,0.5075601
22,11,293.89355,-0.0
22,12,296.13477,0.0
22,13,297.96072,1.3852675
22,14,297.61755,1.5734333
22,15,298.2515,0.0
22,16,304.7573,0.82538074
23,0,293.1688,0.0
23,1,287.42245,0.0
23,2,310.91528,1.9129452
23,3,309.95764,0.6233086
23,4,310.91528,0.0
23,5,313.18546,0.0
23,6,324.9165,-0.0
23,7,345.26065,0.0
23,8,347.95245,-0.0
23,9,312.75586,0.0
23,10,295.96994,0.50748444
23,11,293.89264,-0.0
23,12,296.13388,0.0
23,13,297.96036,1.3828167
23,14,297.6172,1.5706159
23,15,298.2511,0.0
23,16,304.75693,0.82394516
24,0,293.16827,0.0
24,1,287.42215,0.0
24,2,310.9151,1.9127184
24,3,309.9575,0.6232597
24,4,310.9151,0.0
24,5,313.18546,0.0
24,6,324.9165,-0.0
24,7,345.26065,0.0
24,8,347.95245,-0.0
24,9,312.75574,0.0
24,10,295.96994,0.5074486
24,11,293.89218,-0.0
24,12,296.13336,0.0
24,13,297.96005,1.3806677
24,14,297.61676,1.56748
24,15,298.25095,0.0
24,16,304.75677,0.8234121
25,0,293.2602,0.0
25,1,287.48,0.0
25,2,311.0075,2.1690822
25,3,310.04892,0.87466216
25,4,311.00427,0.0
25,5,313.18546,0.0
25,6,324.9165,-0.0
25,7,345.26065,0.0
25,8,347.95245,-0.0
25,9,312.81885,0.0
25,10,296.0136,0.7423373
25,11,293.98596,0.007456625
25,12,296.25674,0.0
25,13,298.00003,1.6617147
25,14,297.64835,1.7971083
25,15,298.32687,0.0
25,16,304.8341,1.0428457
26,0,293.42825,0.0
26,1,287.56778,0.0
26,2,311.0943,2.3709962
26,3,310.14005,1.1583081
26,4,311.09232,0.0
26,5,313.18546,0.0
26,6,324.9165,-0.0
26,7,345.26065,0.0
26,8,347.95245,-0.0
26,9,312.86978,0.0
26,10,296.0276,0.82108027
26,11,294.14545,0.015729917
26,12,296.43005,0.0
26,13,298.05182,2.0461478
26,14,297.69754,2.168097
26,15,298.42007,0.0
26,16,304.9224,1.3006333
27,0,293.54797,0.0
27,1,287.6297,0.0
27,2,311.14822,2.463426
27,3,310.19678,1.3503321
27,4,311.14688,0.0
27,5,313.18546,0.0
27,6,324.9165,-0.0
27,7,345.26065,0.0
27,8,347.95245,-0.0
27,9,312.90417,0.0
27,10,296.03433,0.85958755
27,11,294.26315,0.021292325
27,12,296.55106,0.0
27,13,298.0943,2.381976
27,14,297.75226,2.6090126
27,15,298.47955,0.0
27,16,304.9791,1.4920542
28,0,293.62943,0.0
28,1,287.67514,0.0
28,2,311.1898,2.5179126
28,3,310.23895,1.480324
28,4,311.1888,0.0
28,5,313.18546,0.0
28,6,324.9165,-0.0
28,7,345.26065,0.0
28,8,347.95245,-0.0
28,9,312.9318,0.0
28,10,296.03873,0.88469595
28,11,294.3477,0.025787896
28,12,296.6415,0.0
28,13,298.12357,2.6061912
28,14,297.76413,2.67696
28,15,298.5234,0.0
28,16,305.0202,1.6312523
29,0,293.68848,0.0
29,1,287.7062,0.0
29,2,311.21774,2.5499525
29,3,310.26544,1.5461675
29,4,311.2171,0.0
29,5,313.18546,0.0
29,6,324.9165,-0.0
29,7,345.26065,0.0
29,8,347.95245,-0.0
29,9,312.95105,0.0
29,10,296.04126,0.8992253
29,11,294.41095,0.028357469
29,12,296.70367,0.0
29,13,298.14713,2.7979844
29,14,297.78384,2.8252964
29,15,298.55197,0.0
29,16,305.0468,1.7248898
30,0,293.72824,0.0
30,1,287.72647,0.0
30,2,311.23834,2.570263
30,3,310.28406,1.5851197
30,4,311.23785,0.0
30,5,313.18546,0.0
30,6,324.9165,-0.0
30,7,345.26065,0.0
30,8,347.95245,-0.0
30,9,312.96564,0.0
30,10,296.04254,0.906675
30,11,294.45517,0.029668793
30,12,296.73926,0.0
30,13,298.1581,2.893884
30,14,297.794,2.933486
30,15,298.57205,0.0
30,16,305.06583,1.7929863
31,0,293.83115,0.0
31,1,287.77887,0.0
31,2,311.3247,2.711811
31,3,310.36145,1.7761154
31,4,311.32224,0.0
31,5,313.18546,0.0
31,6,324.9165,-0.0
31,7,345.26065,0.0
31,8,347.95245,-0.0
31,9,313.02985,0.0
31,10,296.07675,1.1227148
31,11,294.5655,0.05573491
31,12,296.85992,0.0
31,13,298.20108,3.2633922
31,14,297.85794,3.4793453
31,15,298.64178,0.0
31,16,305.1345,2.009239
32,0,293.96994,0.0
32,1,287.85028,0.0
32,2,311.39865,2.792342
32,3,310.41922,1.8094945
32,4,311.39697,0.0
32,5,313.18546,0.0
32,6,324.9165,-0.0
32,7,345.26065,0.0
32,8,347.95245,-0.0
32,9,313.0827,0.0
32,10,296.08853,1.2003855
32,11,294.72574,0.06127646
32,12,297.01456,0.0
32,13,298.25424,3.7134526
32,14,297.90924,3.830245
32,15,298.7198,0.0
32,16,305.2051,2.3955836
33,0,294.07767,0.0
33,1,287.9058,0.0
33,2,311.44516,2.8386319
33,3,310.45502,1.8207014
33,4,311.44406,0.0
33,5,313.18546,0.0
33,6,324.9165,-0.0
33,7,345.26065,0.0
33,8,347.95245,-0.0
33,9,313.1179,0.0
33,10,296.0945,1.2400728
33,11,294.85645,0.064725265
33,12,297.12366,0.0
33,13,298.3063,4.162702
33,14,297.98123,4.3721037
33,15,298.77036,0.0
33,16,305.24673,2.6020954
34,0,294.15482,0.0
34,1,287.9442,0.0
34,2,311.4771,2.8625538
34,3,310.47873,1.8162947
34,4,311.47638,0.0
34,5,313.18546,0.0
34,6,324.9165,-0.0
34,7,345.26065,0.0
34,8,347.95245,-0.0
34,9,313.14377,0.0
34,10,296.0979,1.2624468
34,11,294.95624,0.06686388
34,12,297.19595,0.0
34,13,298.34433,4.4889064
34,14,298.026,4.697401
34,15,298.8069,0.0
34,16,305.2744,2.7262368
35,0,294.21558,0.0
35,1,287.9726,0.0
35,2,311.53998,2.879469
35,3,310.5234,1.8205223
35,4,311.53833,0.0
35,5,313.18546,0.0
35,6,324.9165,-0.0
35,7,345.26065,0.0
35,8,347.95245,-0.0
35,9,313.20538,0.0
35,10,296.09964,1.2737861
35,11,295.03662,0.067981936
35,12,297.267,0.0
35,13,298.36768,4.6724515
35,14,298.0603,4.8884373
35,15,298.85956,0.0
35,16,305.31226,2.7965229
36,0,294.24902,0.0
36,1,287.9904,0.0
36,2,311.50076,2.8799381
36,3,310.49713,1.8112231
36,4,311.50076,0.0
36,5,313.18546,0.0
36,6,324.9165,-0.0
36,7,345.26065,0.0
36,8,347.95245,-0.0
36,9,313.15768,0.0
36,10,296.10046,1.2789477
36,11,295.08548,0.06847618
36,12,297.29318,0.0
36,13,298.3829,4.794365
36,14,298.08087,5.012509
36,15,298.86462,0.0
36,16,305.30164,2.8446727
37,0,294.094,0.0
37,1,287.91306,0.0
37,2,311.35144,2.6688633
37,3,310.37576,1.6566001
37,4,311.35138,0.0
37,5,313.18546,0.0
37,6,324.9165,-0.0
37,7,345.26065,0.0
37,8,347.95245,-0.0
37,9,313.04407,0.0
37,10,296.03174,0.84327215
37,11,294.88123,0.021625826
37,12,297.10773,0.0
37,13,298.31784,4.260766
37,14,297.99014,4.4727454
37,15,298.7111,0.0
37,16,305.18723,2.4224093
38,0,293.8509,0.0
38,1,287.78827,0.0
38,2,311.2427,2.4856281
38,3,310.2818,1.4555249
38,4,311.24277,0.0
38,5,313.18546,0.0
38,6,324.9165,-0.0
38,7,345.26065,0.0
38,8,347.95245,-0.0
38,9,312.96094,0.0
38,10,296.0064,0.70191944
38,11,294.5868,0.0070390757
38,12,296.85052,0.0
38,13,298.2102,3.3326755
38,14,297.86694,3.5271332
38,15,298.5953,0.0
38,16,305.0814,1.8432883
39,0,293.6083,0.0
39,1,287.6614,0.0
39,2,311.1185,2.341454
39,3,310.1604,1.138492
39,4,311.1185,0.0
39,5,313.18546,0.0
39,6,324.9165,-0.0
39,7,345.26065,0.0
39,8,347.95245,-0.0
39,9,312.88208,0.0
39,10,295.99536,0.64181083
39,11,294.32352,0.0012742149
39,12,296.5861,0.0
39,13,298.12158,2.5997028
39,14,297.77338,2.783855
39,15,298.46884,0.0
39,16,304.96445,1.5113039
40,0,293.4702,0.0
40,1,287.58572,0.0
40,2,311.06396,2.2424872
40,3,310.10065,0.9298801
40,4,311.06396,0.0
40,5,313.18546,0.0
40,6,324.9165,-0.0
40,7,345.26065,0.0
40,8,347.95245,-0.0
40,9,312.8492,0.0
40,10,295.98813,0.6028947
40,11,294.18243,-0.0
40,12,296.44183,0.0
40,13,298.07242,2.203016
40,14,297.7231,2.375959
40,15,298.40195,0.0
40,16,304.90082,1.2804779
41,0,293.38617,0.0
41,1,287.5403,0.0
41,2,311.02933,2.179986
41,3,310.0643,0.82041746
41,4,311.02942,0.0
41,5,313.18546,0.0
41,6,324.9165,-0.0
41,7,345.26065,0.0
41,8,347.95245,-0.0
41,9,312.82712,0.0
41,10,295.98364,0.5789824
41,11,294.09875,-0.0
41,12,296.35602,0.0
41,13,298.03912,1.9515529
41,14,297.68735,2.0965993
41,15,298.36172,0.0
41,16,304.86285,1.1395158
42,0,293.33276,0.0
42,1,287.5112,0.0
42,2,311.0062,2.1369846
42,3,310.0414,0.76504487
42,4,311.0062,0.0
42,5,313.18546,0.0
42,6,324.9165,-0.0
42,7,345.26065,0.0
42,8,347.95245,-0.0
42,9,312.81226,0.0
42,10,295.98108,0.5654425
42,11,294.04715,-0.0
42,12,296.3011,0.0
42,13,298.0175,1.7915632
42,14,297.66724,1.9442506
42,15,298.33646,0.0
42,16,304.8386,1.0528731
43,0,293.2631,0.0
43,1,287.4716,0.0
43,2,310.95517,2.0024943
43,3,309.9913,0.6373582
43,4,310.9552,0.0
43,5,313.18546,0.0
43,6,324.9165,-0.0
43,7,345.26065,0.0
43,8,347.95245,-0.0
43,9,312.77847,0.0
43,10,295.96146,0.4641814
43,11,293.97845,-0.0
43,12,296.21973,0.0
43,13,297.98895,1.5839096
43,14,297.6389,1.7302688
43,15,298.2911,0.0
43,16,304.7939,0.9218162
44,0,293.1757,0.0
44,1,287.423,0.0
44,2,310.90512,1.839465
44,3,309.94366,0.54749155
44,4,310.90512,0.0
44,5,313.18546,0.0
44,6,324.9165,-0.0
44,7,345.26065,0.0
44,8,347.95245,-0.0
44,9,312.75186,0.0
44,10,295.95285,0.42353183
44,11,293.89465,-0.0
44,12,296.12973,0.0
44,13,297.96143,1.3893774
44,14,297.6163,1.5613422
44,15,298.24286,0.0
44,16,304.74783,0.7989269
45,0,293.10986,0.0
45,1,287.38626,0.0
45,2,310.87158,1.7299832
45,3,309.91257,0.49760908
45,4,310.87158,0.0
45,5,313.18546,0.0
45,6,324.9165,-0.0
45,7,345.26065,0.0
45,8,347.95245,-0.0
45,9,312.7341,0.0
45,10,295.94827,0.404021
45,11,293.83545,-0.0
45,12,296.064,0.0
45,13,297.93802,1.229287
45,14,297.58777,1.3536005
45,15,298.20963,0.0
45,16,304.71655,0.713469
46,0,293.0651,0.0
46,1,287.36212,0.0
46,2,310.8477,1.6641723
46,3,309.8909,0.4676738
46,4,310.8477,0.0
46,5,313.18546,0.0
46,6,324.9165,-0.0
46,7,345.26065,0.0
46,8,347.95245,-0.0
46,9,312.72018,0.0
46,10,295.94547,0.3922744
46,11,293.79453,-0.0
46,12,296.02277,0.0
46,13,297.9225,1.1322787
46,14,297.57645,1.2745545
46,15,298.1869,0.0
46,16,304.69513,0.6580161
47,0,293.03436,0.0
47,1,287.34454,0.0
47,2,310.82968,1.6239058
47,3,309.87512,0.45138815
47,4,310.82968,0.0
47,5,313.18546,0.0
47,6,324.9165,-0.0
47,7,345.26065,0.0
47,8,347.95245,-0.0
47,9,312.7084,0.0
47,10,295.9438,0.38510805
47,11,293.7668,-0.0
47,12,295.99234,0.0
47,13,297.91183,1.067114
47,14,297.5654,1.2028389
47,15,298.17035,0.0
47,16,304.67966,0.6195627
48,0,293.01215,0.0
48,1,287.33194,0.0
48,2,310.81592,1.5997306
48,3,309.8633,0.44237244
48,4,310.81592,0.0
48,5,313.18546,0.0
48,6,324.9165,-0.0
48,7,345.26065,0.0
48,8,347.95245,-0.0
48,9,312.69897,0.0
48,10,295.94278,0.38097176
48,11,293.74673,-0.0
48,12,295.9702,0.0
48,13,297.90457,1.0230091
48,14,297.55862,1.1589675
48,15,298.15787,0.0
48,16,304.6681,0.5942463
49,0,293.01108,0.0
49,1,287.3329,0.0
49,2,310.82025,1.632278
49,3,309.86942,0.47464368
49,4,310.81992,0.0
49,5,313.18546,0.0
49,6,324.9165,-0.0
49,7,345.26065,0.0
49,8,347.95245,-0.0
49,9,312.7005,0.0
49,10,295.95056,0.41378912
49,11,293.74734,-0.0
49,12,295.9738,0.0
49,13,297.90607,1.0320685
49,14,297.56,1.1679447
49,15,298.16174,0.0
49,16,304.67233,0.60938203
50,0,293.0286,0.0
50,1,287.34338,0.0
50,2,310.83206,1.6751435
50,3,309.88074,0.49578628
50,4,310.8318,0.0
50,5,313.18546,0.0
50,6,324.9165,-0.0
50,7,345.26065,0.0
50,8,347.95245,-0.0
50,9,312.7066,0.0
50,10,295.9535,0.42629448
50,11,293.7638,-0.0
50,12,295.99274,0.0
50,13,297.9119,1.0676246
50,14,297.56546,1.2032454
50,15,298.17294,0.0
50,16,304.6828,0.6307124
51,0,293.04327,0.0
51,1,287.352,0.0
51,2,310.8413,1.7030823
51,3,309.88898,0.50638497
51,4,310.841,0.0
51,5,313.18546,0.0
51,6,324.9165,-0.0
51,7,345.26065,0.0
51,8,347.95245,-0.0
51,9,312.71207,0.0
51,10,295.95493,0.43243575
51,11,293.77725,-0.0
51,12,296.00763,0.0
51,13,297.9167,1.0968921
51,14,297.56995,1.2324153
51,15,298.1813,0.0
51,16,304.69064,0.64871883
52,0,293.05426,0.0
52,1,287.35834,0.0
52,2,310.8489,1.7208765
52,3,309.89563,0.51367635
52,4,310.84863,0.0
52,5,313.18546,0.0
52,6,324.9165,-0.0
52,7,345.26065,0.0
52,8,347.95245,-0.0
52,9,312.71698,0.0
52,10,295.95584,0.4363936
52,11,293.78735,-0.0
52,12,296.01883,0.0
52,13,297.92,1.1172682
52,14,297.57318,1.2536297
52,15,298.18787,0.0
52,16,304.69675,0.6603414
53,0,293.0626,0.0
53,1,287.36295,0.0
53,2,310.8551,1.7321111
53,3,309.90094,0.51863426
53,4,310.8549,0.0
53,5,313.18546,0.0
53,6,324.9165,-0.0
53,7,345.26065,0.0
53,8,347.95245,-0.0
53,9,312.72134,0.0
53,10,295.9564,0.43889987
53,11,293.79498,-0.0
53,12,296.0274,0.0
53,13,297.9222,1.1308354
53,14,297.5754,1.2680074
53,15,298.19305,0.0
53,16,304.7016,0.66871834
54,0,293.069,0.0
54,1,287.36646,0.0
54,2,310.86014,1.7389913
54,3,309.9052,0.52185106
54,4,310.86,0.0
54,5,313.18546,0.0
54,6,324.9165,-0.0
54,7,345.26065,0.0
54,8,347.95245,-0.0
54,9,312.7251,0.0
54,10,295.9567,0.44038448
54,11,293.8008,-0.0
54,12,296.0341,0.0
54,13,297.9237,1.1400572
54,14,297.5769,1.2777829
54,15,298.19717,0.0
54,16,304.70547,0.6748046
55,0,293.0592,0.0
55,1,287.35962,0.0
55,2,310.84854,1.6997443
55,3,309.89337,0.48721427
55,4,310.84854,0.0
55,5,313.18546,0.0
55,6,324.9165,-0.0
55,7,345.26065,0.0
55,8,347.95245,-0.0
55,9,312.71747,0.0
55,10,295.94873,0.4059445
55,11,293.79013,-0.0
55,12,296.01984,0.0
55,13,297.91837,1.1070877
55,14,297.5716,1.2429624
55,15,298.1876,0.0
55,16,304.6958,0.64715886
56,0,293.03534,0.0
56,1,287.34555,0.0
56,2,310.83426,1.6517682
56,3,309.87982,0.46368197
56,4,310.8342,0.0
56,5,313.18546,0.0
56,6,324.9165,-0.0
56,7,345.26065,0.0
56,8,347.95245,-0.0
56,9,312.70993,0.0
56,10,295.9455,0.39234453
56,11,293.76804,-0.0
56,12,295.99515,0.0
56,13,297.91022,1.0572814
56,14,297.56393,1.1930753
56,15,298.17355,0.0
56,16,304.68265,0.6147495
57,0,293.01666,0.0
57,1,287.33472,0.0
57,2,310.82346,1.6196995
57,3,309.87015,0.45154172
57,4,310.82346,0.0
57,5,313.18546,0.0
57,6,324.9165,-0.0
57,7,345.26065,0.0
57,8,347.95245,-0.0
57,9,312.70367,0.0
57,10,295.94397,0.38590598
57,11,293.75104,-0.0
57,12,295.97662,0.0
57,13,297.90372,1.0177437
57,14,297.5578,1.153581
57,15,298.16342,0.0
57,16,304.6732,0.59174883
58,0,293.0032,0.0
58,1,287.3269,0.0
58,2,310.81522,1.5988289
58,3,309.86285,0.4437445
58,4,310.81522,0.0
58,5,313.18546,0.0
58,6,324.9165,-0.0
58,7,345.26065,0.0
58,8,347.95245,-0.0
58,9,312.69843,0.0
58,10,295.94302,0.3820207
58,11,293.73877,-0.0
58,12,295.96332,0.0
58,13,297.89926,0.9908157
58,14,297.55334,1.1247782
58,15,298.1561,0.0
58,16,304.66644,0.57912296
59,0,292.99323,0.0
59,1,287.32117,0.0
59,2,310.80762,1.5858403
59,3,309.85645,0.439605
59,4,310.80762,0.0
59,5,313.18546,0.0
59,6,324.9165,-0.0
59,7,345.26065,0.0
59,8,347.95245,-0.0
59,9,312.69284,0.0
59,10,295.94244,0.37953374
59,11,293.72964,-0.0
59,12,295.95297,0.0
59,13,297.89627,0.97279614
59,14,297.55032,1.1055555
59,15,298.14993,0.0
59,16,304.66074,0.57008725
60,0,292.98566,0.0
60,1,287.31677,0.0
60,2,310.80185,1.5785389
60,3,309.85165,0.43772796
60,4,310.80185,0.0
60,5,313.18546,0.0
60,6,324.9165,-0.0
60,7,345.26065,0.0
60,8,347.95245,-0.0
60,9,312.68835,0.0
60,10,295.94208,0.37806302
60,11,293.7227,-0.0
60,12,295.9451,0.0
60,13,297.89423,0.9606389
60,14,297.5483,1.0925889
60,15,298.14517,0.0
60,16,304.65622,0.56350845
61,0,293.2098,0.0
61,1,287.458,0.0
61,2,311.02017,2.1869636
61,3,310.06738,1.0149951
61,4,311.0126,0.0
61,5,313.18546,0.0
61,6,324.9165,-0.0
61,7,345.26065,0.0
61,8,347.95245,-0.0
61,9,312.83765,0.0
61,10,296.0437,0.91413796
61,11,293.94708,0.02824951
61,12,296.22934,0.0
61,13,297.9903,1.5945786
61,14,297.6407,1.7440474
61,15,298.3268,0.0
61,16,304.83896,1.0530487
62,0,293.582,0.0
62,1,287.65213,0.0
62,2,311.2158,2.6023707
62,3,310.26532,1.6020763
62,4,311.21173,0.0
62,5,313.18546,0.0
62,6,324.9165,-0.0
62,7,345.26065,0.0
62,8,347.95245,-0.0
62,9,312.95383,0.0
62,10,296.07544,1.1146182
62,11,294.3019,0.05195322
62,12,296.61212,0.0
62,13,298.10675,2.4794562
62,14,297.75778,2.645602
62,15,298.52948,0.0
62,16,305.0301,1.618583
63,0,293.844,0.0
63,1,287.7881,0.0
63,2,311.3429,2.7792807
63,3,310.37643,1.8114218
63,4,311.3395,0.0
63,5,313.18546,0.0
63,6,324.9165,-0.0
63,7,345.26065,0.0
63,8,347.95245,-0.0
63,9,313.04184,0.0
63,10,296.09238,1.2266606
63,11,294.5798,0.062321216
63,12,296.88126,0.0
63,13,298.20322,3.2790043
63,14,297.84744,3.3576837
63,15,298.6579,0.0
63,16,305.15134,2.119435
64,0,294.0336,0.0
64,1,287.88318,0.0
64,2,311.44998,2.8563528
64,3,310.45816,1.8304663
64,4,311.44717,0.0
64,5,313.18546,0.0
64,6,324.9165,-0.0
64,7,345.26065,0.0
64,8,347.95245,-0.0
64,9,313.12527,0.0
64,10,296.1022,1.2922689
64,11,294.8004,0.06856531
64,12,297.0832,0.0
64,13,298.28143,3.9472892
64,14,297.94507,4.1044006
64,15,298.76422,0.0
64,16,305.2446,2.5831916
65,0,294.1785,0.0
65,1,287.95514,0.0
65,2,311.53973,2.8962555
65,3,310.52255,1.8283463
65,4,311.53616,0.0
65,5,313.18546,0.0
65,6,324.9165,-0.0
65,7,345.26065,0.0
65,8,347.95245,-0.0
65,9,313.2119,0.0
65,10,296.10718,1.325203
65,11,294.98657,0.071852595
65,12,297.23288,0.0
65,13,298.34637,4.4962144
65,14,298.0325,4.7064676
65,15,298.8493,0.0
65,16,305.31055,2.821251
66,0,294.28912,0.0
66,1,288.00977,0.0
66,2,311.56775,2.9152548
66,3,310.54504,1.8261311
66,4,311.56775,0.0
66,5,313.18546,0.0
66,6,324.9165,-0.0
66,7,345.26065,0.0
66,8,347.95245,-0.0
66,9,313.2268,0.0
66,10,296.10974,1.341699
66,11,295.14584,0.07345534
66,12,297.3559,0.0
66,13,298.39557,4.868236
66,14,298.10495,5.0862727
66,15,298.96695,0.0
66,16,305.3446,2.9357734
67,0,294.40887,0.0
67,1,288.07257,0.0
67,2,311.64014,3.1219983
67,3,310.60242,1.8260313
67,4,311.63828,0.0
67,5,313.18546,0.0
67,6,324.9165,-0.0
67,7,345.26065,0.0
67,8,347.95245,-0.0
67,9,313.6369,0.0
67,10,296.1804,1.8422792
67,11,295.3515,0.114919044
67,12,297.67114,0.0
67,13,298.5331,5.6712837
67,14,298.3362,5.897354
67,15,299.67615,0.0
67,16,305.41623,3.4008613
68,0,294.86502,0.0
68,1,288.2189,0.0
68,2,311.73007,3.24298
68,3,310.67908,1.8648324
68,4,311.72806,0.0
68,5,313.18546,0.0
68,6,324.9165,-0.0
68,7,345.26065,0.0
68,8,347.95245,-0.0
68,9,314.21014,0.0
68,10,296.2098,2.0274496
68,11,296.1719,0.12830241
68,12,299.3968,0.0
68,13,300.26648,7.013027
68,14,300.2788,7.2593427
68,15,301.93475,0.0
68,16,305.51697,3.9841058
69,0,295.01944,0.0
69,1,288.2701,0.0
69,2,311.78168,3.3098419
69,3,310.72552,1.9199861
69,4,311.78024,0.0
69,5,313.18546,0.0
69,6,324.9165,-0.0
69,7,345.26065,0.0
69,8,347.95245,-0.0
69,9,314.51007,0.0
69,10,296.22476,2.1128104
69,11,296.4328,0.136515
69,12,299.9221,0.0
69,13,300.80313,6.9924345
69,14,300.7914,7.1414695
69,15,302.809,0.0
69,16,305.6967,4.243113
70,0,295.07657,0.0
70,1,288.3063,0.0
70,2,311.81924,3.3380315
70,3,310.75668,1.9328587
70,4,311.81827,0.0
70,5,313.18546,0.0
70,6,324.9165,-0.0
70,7,345.26065,0.0
70,8,347.95245,-0.0
70,9,314.74863,0.0
70,10,296.33804,2.9858549
70,11,296.52402,0.19824356
70,12,300.08844,0.0
70,13,300.9414,6.874628
70,14,300.93027,7.0216165
70,15,303.13922,0.0
70,16,306.25385,4.393633
71,0,295.14127,0.0
71,1,288.3733,0.0
71,2,311.85004,3.3503697
71,3,310.78152,1.9387475
71,4,311.84915,0.0
71,5,313.18546,0.0
71,6,324.9165,-0.0
71,7,345.26065,0.0
71,8,347.95245,-0.0
71,9,314.9393,0.0
71,10,296.56015,4.7139254
71,11,296.6265,0.43786255
71,12,300.21954,0.0
71,13,301.02957,6.694834
71,14,301.01898,6.8378496
71,15,303.4076,0.0
71,16,306.6605,4.4592776
72,0,295.1793,0.0
72,1,288.4096,0.0
72,2,311.875,3.3565335
72,3,310.80234,1.9420549
72,4,311.87418,0.0
72,5,313.18546,0.0
72,6,324.9165,-0.0
72,7,345.26065,0.0
72,8,347.95245,-0.0
72,9,315.09665,0.0
72,10,296.69073,5.5407257
72,11,296.69223,0.6303838
72,12,300.30185,0.0
72,13,301.0754,6.541862
72,14,301.06516,6.680852
72,15,303.59958,0.0
72,16,306.96274,4.4902563
73,0,295.13254,0.0
73,1,288.38004,0.0
73,2,311.8365,3.0398653
73,3,310.764,1.7592347
73,4,311.8365,0.0
73,5,313.18546,0.0
73,6,324.9165,-0.0
73,7,345.26065,0.0
73,8,347.95245,-0.0
73,9,315.09692,0.0
73,10,296.57617,4.823067
73,11,296.6068,0.37876195
73,12,300.18945,0.0
73,13,301.00137,6.685369
73,14,300.99048,6.8259287
73,15,303.35297,0.0
73,16,306.5536,3.789379
74,0,295.00638,0.0
74,1,288.27847,0.0
74,2,311.78833,2.7980785
74,3,310.7286,1.7560035
74,4,311.78833,0.0
74,5,313.18546,0.0
74,6,324.9165,-0.0
74,7,345.26065,0.0
74,8,347.95245,-0.0
74,9,314.92422,0.0
74,10,296.24634,2.2773678
74,11,296.40363,0.054117877
74,12,299.86053,0.0
74,13,300.7959,7.1629295
74,14,300.7841,7.3150883
74,15,302.58026,0.0
74,16,305.52283,2.887839
75,0,294.55615,0.0
75,1,288.12042,0.0
75,2,311.72583,2.6150208
75,3,310.67197,1.6551677
75,4,311.7258,0.0
75,5,313.18546,0.0
75,6,324.9165,-0.0
75,7,345.26065,0.0
75,8,347.95245,-0.0
75,9,314.59863,0.0
75,10,296.0459,0.9150142
75,11,295.64502,0.025068628
75,12,298.34814,0.0
75,13,298.93103,5.4291286
75,14,298.93057,5.6593523
75,15,300.76865,0.0
75,16,305.39667,2.247391
76,0,294.16873,0.0
76,1,287.9482,0.0
76,2,311.62198,2.493311
76,3,310.57208,1.4669328
76,4,311.62222,0.0
76,5,313.18546,0.0
76,6,324.9165,-0.0
76,7,345.26065,0.0
76,8,347.95245,-0.0
76,9,313.9254,0.0
76,10,296.01807,0.76566243
76,11,294.97607,0.012422472
76,12,297.2039,0.0
76,13,298.2505,3.6171436
76,14,297.93344,3.816604
76,15,298.8898,0.0
76,16,305.30167,1.8345217
77,0,293.73157,0.0
77,1,287.73334,0.0
77,2,311.19244,2.4234855
77,3,310.22943,1.318403
77,4,311.19244,0.0
77,5,313.18546,0.0
77,6,324.9165,-0.0
77,7,345.26065,0.0
77,8,347.95245,-0.0
77,9,312.9401,0.0
77,10,296.0112,0.7286531
77,11,294.4536,0.007702148
77,12,296.70258,0.0
77,13,298.15222,2.850276
77,14,297.80557,3.035597
77,15,298.52698,0.0
77,16,305.0192,1.6212431
78,0,293.6045,0.0
78,1,287.65817,0.0
78,2,311.16714,2.3842785
78,3,310.20288,1.228069
78,4,311.16714,0.0
78,5,313.18546,0.0
78,6,324.9165,-0.0
78,7,345.26065,0.0
78,8,347.95245,-0.0
78,9,312.9234,0.0
78,10,296.00827,0.71245724
78,11,294.31976,0.0058383513
78,12,296.60098,0.0
78,13,298.1145,2.5432384
78,14,297.76892,2.7397811
78,15,298.49454,0.0
78,16,304.99033,1.4995682
79,0,293.50082,0.0
79,1,287.60132,0.0
79,2,311.09406,2.258972
79,3,310.12766,0.9664261
79,4,311.09406,0.0
79,5,313.18546,0.0
79,6,324.9165,-0.0
79,7,345.26065,0.0
79,8,347.95245,-0.0
79,9,312.87115,0.0
79,10,295.97922,0.5556075
79,11,294.213,-0.0
79,12,296.47998,0.0
79,13,298.0708,2.1896517
79,14,297.72382,2.3738918
79,15,298.42892,0.0
79,16,304.9251,1.2934445
80,0,293.3703,0.0
80,1,287.53018,0.0
80,2,311.0305,2.1216655
80,3,310.06033,0.7546026
80,4,311.0304,0.0
80,5,313.18546,0.0
80,6,324.9165,-0.0
80,7,345.26065,0.0
80,8,347.95245,-0.0
80,9,312.8322,0.0
80,10,295.9673,0.49375895
80,11,294.0825,-0.0
80,12,296.33865,0.0
80,13,298.0214,1.818679
80,14,297.66965,1.957245
80,15,298.35602,0.0
80,16,304.85556,1.0464243
81,0,293.27136,0.0
81,1,287.4762,0.0
81,2,310.98203,1.9852141
81,3,310.01318,0.6504172
81,4,310.98203,0.0
81,5,313.18546,0.0
81,6,324.9165,-0.0
81,7,345.26065,0.0
81,8,347.95245,-0.0
81,9,312.80502,0.0
81,10,295.96133,0.4636797
81,11,293.98654,-0.0
81,12,296.23642,0.0
81,13,297.98492,1.5537419
81,14,297.63266,1.6783198
81,15,298.30643,0.0
81,16,304.80832,0.9037349
82,0,293.20435,0.0
82,1,287.43893,0.0
82,2,310.94638,1.8758839
82,3,309.97964,0.5889016
82,4,310.94638,0.0
82,5,313.18546,0.0
82,6,324.9165,-0.0
82,7,345.26065,0.0
82,8,347.95245,-0.0
82,9,312.7854,0.0
82,10,295.95767,0.44528732
82,11,293.9234,-0.0
82,12,296.16577,0.0
82,13,297.95914,1.3726456
82,14,297.60895,1.5074656
82,15,298.27222,0.0
82,16,304.7759,0.81796604
83,0,293.15555,0.0
83,1,287.41257,0.0
83,2,310.91742,1.7999363
83,3,309.9532,0.5497177
83,4,310.91742,0.0
83,5,313.18546,0.0
83,6,324.9165,-0.0
83,7,345.26065,0.0
83,8,347.95245,-0.0
83,9,312.76807,0.0
83,10,295.95538,0.43434575
83,11,293.87845,-0.0
83,12,296.1189,0.0
83,13,297.94562,1.2780777
83,14,297.59366,1.3921754
83,15,298.24594,0.0
83,16,304.75098,0.76095784
84,0,293.12192,0.0
84,1,287.39374,0.0
84,2,310.89648,1.7555354
84,3,309.93442,0.5265557
84,4,310.89645,0.0
84,5,313.18546,0.0
84,6,324.9165,-0.0
84,7,345.26065,0.0
84,8,347.95245,-0.0
84,9,312.75436,0.0
84,10,295.9538,0.4276331
84,11,293.84717,-0.0
84,12,296.0849,0.0
84,13,297.93622,1.2177709
84,14,297.59067,1.3735837
84,15,298.2268,0.0
84,16,304.73297,0.7189093
85,0,293.09833,0.0
85,1,287.38126,0.0
85,2,310.88263,1.7308158
85,3,309.92233,0.51400846
85,4,310.88263,0.0
85,5,313.18546,0.0
85,6,324.9165,-0.0
85,7,345.26065,0.0
85,8,347.95245,-0.0
85,9,312.74503,0.0
85,10,295.9529,0.42383873
85,11,293.82614,-0.0
85,12,296.06244,0.0
85,13,297.92896,1.1725047
85,14,297.58295,1.3166794
85,15,298.2142,0.0
85,16,304.7211,0.6904847
86,0,293.083,0.0
86,1,287.3729,0.0
86,2,310.87314,1.7160952
86,3,309.91418,0.5065567
86,4,310.87314,0.0
86,5,313.18546,0.0
86,6,324.9165,-0.0
86,7,345.26065,0.0
86,8,347.95245,-0.0
86,9,312.73834,0.0
86,10,295.95248,0.42192003
86,11,293.8124,-0.0
86,12,296.04712,0.0
86,13,297.92407,1.1422628
86,14,297.57736,1.2803925
86,15,298.20584,0.0
86,16,304.71323,0.6726835
87,0,293.07248,0.0
87,1,287.36725,0.0
87,2,310.86652,1.7069668
87,3,309.90854,0.50199217
87,4,310.86652,0.0
87,5,313.18546,0.0
87,6,324.9165,-0.0
87,7,345.26065,0.0
87,8,347.95245,-0.0
87,9,312.73355,0.0
87,10,295.95224,0.4209887
87,11,293.80298,-0.0
87,12,296.0369,0.0
87,13,297.92093,1.1229684
87,14,297.5742,1.2597731
87,15,298.20004,0.0
87,16,304.7078,0.6610111
88,0,293.06543,0.0
88,1,287.36346,0.0
88,2,310.86188,1.7013803
88,3,309.90463,0.49926656
88,4,310.86188,0.0
88,5,313.18546,0.0
88,6,324.9165,-0.0
88,7,345.26065,0.0
88,8,347.95245,-0.0
88,9,312.73007,0.0
88,10,295.95215,0.42054194
88,11,293.79666,-0.0
88,12,296.02994,0.0
88,13,297.9189,1.1104757
88,14,297.57217,1.2464958
88,15,298.19608,0.0
88,16,304.70404,0.65320355
89,0,293.06052,0.0
89,1,287.36084,0.0
89,2,310.85846,1.6979091
89,3,309.90176,0.4975844
89,4,310.85846,0.0
89,5,313.18546,0.0
89,6,324.9165,-0.0
89,7,345.26065,0.0
89,8,347.95245,-0.0
89,9,312.72745,0.0
89,10,295.9521,0.42032924
89,11,293.79224,-0.0
89,12,296.02505,0.0
89,13,297.91754,1.102099
89,14,297.5708,1.2376631
89,15,298.1932,0.0
89,16,304.7014,0.64807445
90,0,293.05707,0.0
90,1,287.35898,0.0
90,2,310.85587,1.6955926
90,3,309.89963,0.49645558
90,4,310.85587,0.0
90,5,313.18546,0.0
90,6,324.9165,-0.0
90,7,345.26065,0.0
90,8,347.95245,-0.0
90,9,312.7254,0.0
90,10,295.9521,0.4202282
90,11,293.78912,-0.0
90,12,296.02158,0.0
90,13,297.91663,1.0964321
90,14,297.56995,1.2320105
90,15,298.1911,0.0
90,16,304.69943,0.6449183
91,0,293.04507,0.0
91,1,287.35117,0.0
91,2,310.84384,1.6643692
91,3,309.88812,0.4712944
91,4,310.84384,0.0
91,5,313.18546,0.0
91,6,324.9165,-0.0
91,7,345.26065,0.0
91,8,347.95245,-0.0
91,9,312.7171,0.0
91,10,295.94656,0.39688343
91,11,293.77704,-0.0
91,12,296.0064,0.0
91,13,297.91168,1.0661952
91,14,297.5653,1.2019483
91,15,298.18118,0.0
91,16,304.68973,0.6218325
92,0,293.02524,0.0
92,1,287.33957,0.0
92,2,310.83133,1.6293772
92,3,309.87665,0.45498946
92,4,310.83133,0.0
92,5,313.18546,0.0
92,6,324.9165,-0.0
92,7,345.26065,0.0
92,8,347.95245,-0.0
92,9,312.7098,0.0
92,10,295.9443,0.38731745
92,11,293.75885,-0.0
92,12,295.98587,0.0
92,13,297.9053,1.0273219
92,14,297.55933,1.1632906
92,15,298.16946,0.0
92,16,304.67877,0.5976542
93,0,293.0102,0.0
93,1,287.33087,0.0
93,2,310.82193,1.6058171
93,3,309.86838,0.44611797
93,4,310.82193,0.0
93,5,313.18546,0.0
93,6,324.9165,-0.0
93,7,345.26065,0.0
93,8,347.95245,-0.0
93,9,312.70392,0.0
93,10,295.94324,0.38288313
93,11,293.74515,-0.0
93,12,295.97086,0.0
93,13,297.90042,0.9977502
93,14,297.5545,1.1321882
93,15,298.16104,0.0
93,16,304.671,0.581741
94,0,292.9993,0.0
94,1,287.3246,0.0
94,2,310.815,1.5902431
94,3,309.8623,0.44043252
94,4,310.815,0.0
94,5,313.18546,0.0
94,6,324.9165,-0.0
94,7,345.26065,0.0
94,8,347.95245,-0.0
94,9,312.69937,0.0
94,10,295.9426,0.38019997
94,11,293.7352,-0.0
94,12,295.95993,0.0
94,13,297.89697,0.9770492
94,14,297.55106,1.1100899
94,15,298.1549,0.0
94,16,304.6653,0.57200664
95,0,292.99152,0.0
95,1,287.3201,0.0
95,2,310.8088,1.5806106
95,3,309.85715,0.43741056
95,4,310.8088,0.0
95,5,313.18546,0.0
95,6,324.9165,-0.0
95,7,345.26065,0.0
95,8,347.95245,-0.0
95,9,312.6946,0.0
95,10,295.9422,0.3785159
95,11,293.72806,-0.0
95,12,295.95184,0.0
95,13,297.89468,0.96338326
95,14,297.54877,1.0955142
95,15,298.15005,0.0
95,16,304.66083,0.5649455
96,0,292.98538,0.0
96,1,287.31656,0.0
96,2,310.80408,1.5755451
96,3,309.85327,0.43633583
96,4,310.80408,0.0
96,5,313.18546,0.0
96,6,324.9165,-0.0
96,7,345.26065,0.0
96,8,347.95245,-0.0
96,9,312.69086,0.0
96,10,295.94196,0.37751514
96,11,293.72244,-0.0
96,12,295.94553,0.0
96,13,297.89313,0.9540214
96,14,297.5472,1.0855277
96,15,298.1462,0.0
96,16,304.6572,0.5600392
97,0,292.96362,0.0
97,1,287.30157,0.0
97,2,310.78152,1.5075239
97,3,309.83148,0.39094117
97,4,310.78152,0.0
97,5,313.18546,0.0
97,6,324.9165,-0.0
97,7,345.26065,0.0
97,8,347.95245,-0.0
97,9,312.6758,0.0
97,10,295.9301,0.3289062
97,11,293.70026,-0.0
97,12,295.91788,0.0
97,13,297.88385,0.8986697
97,14,297.53796,1.0267222
97,15,298.12823,0.0
97,16,304.63892,0.5261653
98,0,292.9279,0.0
98,1,287.2795,0.0
98,2,310.7561,1.4333286
98,3,309.80835,0.36600193
98,4,310.7561,0.0
98,5,313.18546,0.0
98,6,324.9165,-0.0
98,7,345.26065,0.0
98,8,347.95245,-0.0
98,9,312.6604,0.0
98,10,295.92535,0.30991858
98,11,293.66638,-0.0
98,12,295.8799,0.0
98,13,297.87207,0.8296197
98,14,297.52704,0.95803434
98,15,298.10577,0.0
98,16,304.61713,0.489245
99,0,292.90027,0.0
99,1,287.26248,0.0
99,2,310.7384,1.3764215
99,3,309.7922,0.34857476
99,4,310.7384,0.0
99,5,313.18546,0.0
99,6,324.9165,-0.0
99,7,345.26065,0.0
99,8,347.95245,-0.0
99,9,312.6506,0.0
99,10,295.9232,0.30131388
99,11,293.64032,-0.0
99,12,295.85107,0.0
99,13,297.86282,0.776007
99,14,297.51797,0.9017715
99,15,298.08923,0.0
99,16,304.6012,0.45843953
100,0,292.87894,0.0
100,1,287.24982,0.0
100,2,310.72495,1.33214
100,3,309.77963,0.33334413
100,4,310.72495,0.0
100,5,313.18546,0.0
100,6,324.9165,-0.0
100,7,345.26065,0.0
100,8,347.95245,-0.0
100,9,312.64297,0.0
100,10,295.92175,0.2956791
100,11,293.62073,-0.0
100,12,295.82938,0.0
100,13,297.8556,0.7346339
100,14,297.511,0.8586771
100,15,298.07678,0.0
100,16,304.58926,0.43757027
101,0,292.86246,0.0
101,1,287.2401,0.0
101,2,310.71396,1.3014569
101,3,309.76926,0.32201406
101,4,310.71396,0.0
101,5,313.18546,0.0
101,6,324.9165,-0.0
101,7,345.26065,0.0
101,8,347.95245,-0.0
101,9,312.63614,0.0
101,10,295.9209,0.29228932
101,11,293.60565,-0.0
101,12,295.8127,0.0
101,13,297.8505,0.7058675
101,14,297.5062,0.82961476
101,15,298.06653,0.0
101,16,304.5797,0.42182314
102,0,292.85062,0.0
102,1,287.23303,0.0
102,2,310.7061,1.2803156
102,3,309.7618,0.31430304
102,4,310.7061,0.0
102,5,313.18546,0.0
102,6,324.9165,-0.0
102,7,345.26065,0.0
102,8,347.95245,-0.0
102,9,312.63132,0.0
102,10,295.92038,0.2902642
102,11,293.5943,-0.0
102,12,295.80066,0.0
102,13,297.8467,0.6848308
102,14,297.50305,0.8104233
102,15,298.05887,0.0
102,16,304.57288,0.41181287
103,0,292.92612,0.0
103,1,287.28537,0.0
103,2,310.7881,1.5698237
103,3,309.8454,0.509972
103,4,310.78503,0.0
103,5,313.18546,0.0
103,6,324.9165,-0.0
103,7,345.26065,0.0
103,8,347.95245,-0.0
103,9,312.68246,0.0
103,10,295.96805,0.49778083
103,11,293.67007,-0.0
103,12,295.89825,0.0
103,13,297.88226,0.8898024
103,14,297.5363,1.0169
103,15,298.12546,0.0
103,16,304.63956,0.53660125
104,0,293.07474,0.0
104,1,287.37476,0.0
104,2,310.8899,1.8785824
104,3,309.9402,0.66963804
104,4,310.88675,0.0
104,5,313.18546,0.0
104,6,324.9165,-0.0
104,7,345.26065,0.0
104,8,347.95245,-0.0
104,9,312.74216,0.0
104,10,295.98477,0.5850972
104,11,293.81256,-0.0
104,12,296.06113,0.0
104,13,297.93124,1.1872611
104,14,297.58423,1.3268225
104,15,298.22247,0.0
104,16,304.73233,0.7670915
105,0,293.19806,0.0
105,1,287.44366,0.0
105,2,310.9554,2.0590417
105,3,309.99884,0.74683034
105,4,310.9538,0.0
105,5,313.18546,0.0
105,6,324.9165,-0.0
105,7,345.26065,0.0
105,8,347.95245,-0.0
105,9,312.78052,0.0
105,10,295.99216,0.6246281
105,11,293.9251,-0.0
105,12,296.18185,0.0
105,13,297.9709,1.4557377
105,14,297.62234,1.6054938
105,15,298.28506,0.0
105,16,304.7913,0.91794485
106,0,293.28073,0.0
106,1,287.4865,0.0
106,2,311.00357,2.1838627
106,3,310.04276,0.8209363
106,4,311.00232,0.0
106,5,313.18546,0.0
106,6,324.9165,-0.0
106,7,345.26065,0.0
106,8,347.95245,-0.0
106,9,312.80972,0.0
106,10,295.9965,0.6480459
106,11,294.0009,0.00014525492
106,12,296.26373,0.0
106,13,297.99768,1.6467957
106,14,297.64853,1.8016281
106,15,298.3279,0.0
106,16,304.83234,1.0143398
107,0,293.3393,0.0
107,1,287.51685,0.0
107,2,311.03705,2.2381716
107,3,310.07593,0.9030597
107,4,311.03616,0.0
107,5,313.18546,0.0
107,6,324.9165,-0.0
107,7,345.26065,0.0
107,8,347.95245,-0.0
107,9,312.83203,0.0
107,10,295.99887,0.66109616
107,11,294.0556,0.0009719059
107,12,296.3247,0.0
107,13,298.01443,1.7691687
107,14,297.66586,1.9315399
107,15,298.3609,0.0
107,16,304.86368,1.0897676
108,0,293.37787,0.0
108,1,287.53735,0.0
108,2,311.05685,2.2638373
108,3,310.09586,0.95487404
108,4,311.0564,0.0
108,5,313.18546,0.0
108,6,324.9165,-0.0
108,7,345.26065,0.0
108,8,347.95245,-0.0
108,9,312.84528,0.0
108,10,296.00027,0.66866434
108,11,294.09225,0.0015672672
108,12,296.36484,0.0
108,13,298.02612,1.8549533
108,14,297.67752,2.018764
108,15,298.38202,0.0
108,16,304.88345,1.1482822
109,0,293.45633,0.0
109,1,287.58127,0.0
109,2,311.11682,2.3730338
109,3,310.15845,1.1756682
109,4,311.11475,0.0
109,5,313.18546,0.0
109,6,324.9165,-0.0
109,7,345.26065,0.0
109,8,347.95245,-0.0
109,9,312.8893,0.0
109,10,296.025,0.806383
109,11,294.17203,0.015246568
109,12,296.45697,0.0
109,13,298.05707,2.086477
109,14,297.7086,2.2548053
109,15,298.43625,0.0
109,16,304.93765,1.317717
110,0,293.56537,0.0
110,1,287.6391,0.0
110,2,311.17075,2.468084
110,3,310.21536,1.3697731
110,4,311.16937,0.0
110,5,313.18546,0.0
110,6,324.9165,-0.0
110,7,345.26065,0.0
110,8,347.95245,-0.0
110,9,312.92242,0.0
110,10,296.03387,0.85686195
110,11,294.28156,0.021139544
110,12,296.57266,0.0
110,13,298.0947,2.3815541
110,14,297.74762,2.5652714
110,15,298.4954,0.0
110,16,304.9938,1.50479
111,0,293.64566,0.0
111,1,287.68268,0.0
111,2,311.20575,2.5226176
111,3,310.25208,1.4933167
111,4,311.20493,0.0
111,5,313.18546,0.0
111,6,324.9165,-0.0
111,7,345.26065,0.0
111,8,347.95245,-0.0
111,9,312.94443,0.0
111,10,296.03818,0.88157827
111,11,294.36398,0.02524078
111,12,296.662,0.0
111,13,298.12903,2.6547875
111,14,297.77853,2.7948039
111,15,298.53583,0.0
111,16,305.0316,1.6495957
112,0,293.70203,0.0
112,1,287.71228,0.0
112,2,311.23245,2.556217
112,3,310.27753,1.5599805
112,4,311.23175,0.0
112,5,313.18546,0.0
112,6,324.9165,-0.0
112,7,345.26065,0.0
112,8,347.95245,-0.0
112,9,312.96295,0.0
112,10,296.0408,0.8965939
112,11,294.424,0.027883966
112,12,296.72305,0.0
112,13,298.15298,2.8481743
112,14,297.79895,2.934503
112,15,298.5627,0.0
112,16,305.05685,1.739845
113,0,293.74194,0.0
113,1,287.73337,0.0
113,2,311.25436,2.5778112
113,3,310.2973,1.6015131
113,4,311.2538,0.0
113,5,313.18546,0.0
113,6,324.9165,-0.0
113,7,345.26065,0.0
113,8,347.95245,-0.0
113,9,312.9787,0.0
113,10,296.04227,0.9050192
113,11,294.46912,0.029375415
113,12,296.76044,0.0
113,13,298.16254,2.926652
113,14,297.7997,2.952694
113,15,298.58365,0.0
113,16,305.07684,1.8082429
114,0,293.76813,0.0
114,1,287.7466,0.0
114,2,311.26617,2.5900707
114,3,310.30823,1.6247523
114,4,311.26596,0.0
114,5,313.18546,0.0
114,6,324.9165,-0.0
114,7,345.26065,0.0
114,8,347.95245,-0.0
114,9,312.98624,0.0
114,10,296.04297,0.9090625
114,11,294.49847,0.030086182
114,12,296.78354,0.0
114,13,298.16812,2.9772234
114,14,297.80966,3.0580103
114,15,298.5964,0.0
114,16,305.0887,1.8517629
115,0,293.7056,0.0
115,1,287.71326,0.0
115,2,311.1984,2.464266
115,3,310.24258,1.4113384
115,4,311.19846,0.0
115,5,313.18546,0.0
115,6,324.9165,-0.0
115,7,345.26065,0.0
115,8,347.95245,-0.0
115,9,312.93585,0.0
115,10,296.00977,0.72066414
115,11,294.43076,0.0067147478
115,12,296.70053,0.0
115,13,298.14072,2.7525957
115,14,297.78427,2.8732805
115,15,298.54514,0.0
115,16,305.037,1.7168643
116,0,293.5806,0.0
116,1,287.64688,0.0
116,2,311.13593,2.3491101
116,3,310.1742,1.1570427
116,4,311.13593,0.0
116,5,313.18546,0.0
116,6,324.9165,-0.0
116,7,345.26065,0.0
116,8,347.95245,-0.0
116,9,312.89874,0.0
116,10,295.99725,0.6520558
116,11,294.29694,0.0016136625
116,12,296.56784,0.0
116,13,298.09995,2.4145732
116,14,297.73987,2.497985
116,15,298.4734,0.0
116,16,304.9694,1.4670153
117,0,293.48434,0.0
117,1,287.59384,0.0
117,2,311.09424,2.272883
117,3,310.12915,0.9961919
117,4,311.09424,0.0
117,5,313.18546,0.0
117,6,324.9165,-0.0
117,7,345.26065,0.0
117,8,347.95245,-0.0
117,9,312.87308,0.0
117,10,295.99142,0.62060064
117,11,294.1979,-0.0
117,12,296.46506,0.0
117,13,298.0663,2.1547842
117,14,297.71173,2.277164
117,15,298.42413,0.0
117,16,304.92203,1.2850446
118,0,293.41843,0.0
118,1,287.55704,0.0
118,2,311.06415,2.2216988
118,3,310.0975,0.8955081
118,4,311.06415,0.0
118,5,313.18546,0.0
118,6,324.9165,-0.0
118,7,345.26065,0.0
118,8,347.95245,-0.0
118,9,312.8528,0.0
118,10,295.98752,0.59965736
118,11,294.1317,-0.0
118,12,296.39362,0.0
118,13,298.03967,1.9559697
118,14,297.688,2.1017954
118,15,298.39023,0.0
118,16,304.88968,1.1698934
119,0,293.37167,0.0
119,1,287.53162,0.0
119,2,311.04205,2.1871803
119,3,310.075,0.83373284
119,4,311.04205,0.0
119,5,313.18546,0.0
119,6,324.9165,-0.0
119,7,345.26065,0.0
119,8,347.95245,-0.0
119,9,312.83826,0.0
119,10,295.98517,0.58720523
119,11,294.08466,-0.0
119,12,296.34683,0.0
119,13,298.02487,1.8468379
119,14,297.67688,2.0176542
119,15,298.36633,0.0
119,16,304.86725,1.0992153
120,0,293.3416,0.0
120,1,287.5157,0.0
120,2,311.02853,2.16506
120,3,310.0617,0.8019155
120,4,311.02853,0.0
120,5,313.18546,0.0
120,6,324.9165,-0.0
120,7,345.26065,0.0
120,8,347.95245,-0.0
120,9,312.82938,0.0
120,10,295.98383,0.57996565
120,11,294.05527,-0.0
120,12,296.31824,0.0
120,13,298.01605,1.7810655
120,14,297.6682,1.9501432
120,15,298.3519,0.0
120,16,304.85355,1.0530264
121,0,293.29108,0.0
121,1,287.48706,0.0
121,2,310.98746,2.06589
121,3,310.02097,0.6902567
121,4,310.98746,0.0
121,5,313.18546,0.0
121,6,324.9165,-0.0
121,7,345.26065,0.0
121,8,347.95245,-0.0
121,9,312.8014,0.0
121,10,295.96722,0.49347037
121,11,294.0047,-0.0
121,12,296.25876,0.0
121,13,297.99698,1.6409004
121,14,297.6498,1.8098227
121,15,298.31668,0.0
121,16,304.81808,0.95262843
122,0,293.2212,0.0
122,1,287.44888,0.0
122,2,310.9483,1.9394996
122,3,309.98352,0.6155145
122,4,310.9483,0.0
122,5,313.18546,0.0
122,6,324.9165,-0.0
122,7,345.26065,0.0
122,8,347.95245,-0.0
122,9,312.78052,0.0
122,10,295.9605,0.45951316
122,11,293.9396,-0.0
122,12,296.1814,0.0
122,13,297.9684,1.4376034
122,14,297.6166,1.5638148
122,15,298.2777,0.0
122,16,304.78128,0.85073334
123,0,293.16794,0.0
123,1,287.41916,0.0
123,2,310.91904,1.841329
123,3,309.956,0.56633115
123,4,310.91904,0.0
123,5,313.18546,0.0
123,6,324.9165,-0.0
123,7,345.26065,0.0
123,8,347.95245,-0.0
123,9,312.76517,0.0
123,10,295.95734,0.44352433
123,11,293.89014,-0.0
123,12,296.12787,0.0
123,13,297.951,1.3156343
123,14,297.599,1.434447
123,15,298.24985,0.0
123,16,304.75476,0.7830442
124,0,293.12955,0.0
124,1,287.39877,0.0
124,2,310.89752,1.7801254
124,3,309.9362,0.5365876
124,4,310.89752,0.0
124,5,313.18546,0.0
124,6,324.9165,-0.0
124,7,345.26065,0.0
124,8,347.95245,-0.0
124,9,312.75272,0.0
124,10,295.9553,0.43393832
124,11,293.85425,-0.0
124,12,296.0933,0.0
124,13,297.9411,1.2480856
124,14,297.59512,1.4035816
124,15,298.22964,0.0
124,16,304.73572,0.7371528
125,0,293.10364,0.0
125,1,287.3842,0.0
125,2,310.8821,1.7440875
125,3,309.92242,0.5186591
125,4,310.8821,0.0
125,5,313.18546,0.0
125,6,324.9165,-0.0
125,7,345.26065,0.0
125,8,347.95245,-0.0
125,9,312.743,0.0
125,10,295.95383,0.427679
125,11,293.8313,-0.0
125,12,296.066,0.0
125,13,297.93198,1.1914085
125,14,297.58356,1.3214521
125,15,298.21542,0.0
125,16,304.7223,0.70421475
126,0,293.08536,0.0
126,1,287.3743,0.0
126,2,310.87076,1.7226012
126,3,309.91254,0.5084715
126,4,310.87076,0.0
126,5,313.18546,0.0
126,6,324.9165,-0.0
126,7,345.26065,0.0
126,8,347.95245,-0.0
126,9,312.73538,0.0
126,10,295.95297,0.42402187
126,11,293.81454,-0.0
126,12,296.0483,0.0
126,13,297.92657,1.1577996
126,14,297.58008,1.2986528
126,15,298.2053,0.0
126,16,304.71274,0.6819916
127,0,292.99573,0.0
127,1,287.31302,0.0
127,2,310.78265,1.4455988
127,3,309.82632,0.31469834
127,4,310.78268,0.0
127,5,313.18546,0.0
127,6,324.9165,-0.0
127,7,345.26065,0.0
127,8,347.95245,-0.0
127,9,312.6792,0.0
127,10,295.9016,0.21921793
127,11,293.7219,-0.0
127,12,295.93115,0.0
127,13,297.8888,0.92780536
127,14,297.54297,1.0581378
127,15,298.12946,0.0
127,16,304.6385,0.50481385
128,0,292.84985,0.0
128,1,287.22452,0.0
128,2,310.68243,1.1285939
128,3,309.73282,0.20920107
128,4,310.68246,0.0
128,5,313.18546,0.0
128,6,324.9165,-0.0
128,7,345.26065,0.0
128,8,347.95245,-0.0
128,9,312.6234,0.0
128,10,295.87918,0.14177042
128,11,293.5866,-0.0
128,12,295.78104,0.0
128,13,297.83987,0.64700294
128,14,297.4967,0.77227294
128,15,298.03906,0.0
128,16,304.55286,0.37711355
129,0,292.73367,0.0
129,1,287.14825,0.0
129,2,310.61078,0.90023386
129,3,309.66537,0.13211383
129,4,310.61078,0.0
129,5,313.18546,0.0
129,6,324.9165,-0.0
129,7,345.26065,0.0
129,8,347.95245,-0.0
129,9,312.58618,0.0
129,10,295.86252,0.10026402
129,11,293.47546,-0.0
129,12,295.6647,0.0
129,13,297.79135,0.4164744
129,14,297.4624,0.5773406
129,15,297.96924,0.0
129,16,304.48972,0.27034748
130,0,292.64096,0.0
130,1,287.08237,0.0
130,2,310.55206,0.72508186
130,3,309.6095,0.077703305
130,4,310.5522,0.0
130,5,313.18546,0.0
130,6,324.9165,-0.0
130,7,345.26065,0.0
130,8,347.95245,-0.0
130,9,312.55286,0.0
130,10,295.84937,0.07086007
130,11,293.38666,-0.0
130,12,295.57098,0.0
130,13,297.7498,0.24584073
130,14,297.42615,0.4070298
130,15,297.91284,0.0
130,16,304.4352,0.1901801
131,0,292.56708,0.0
131,1,287.02985,0.0
131,2,310.4992,0.5875518
131,3,309.55856,0.04123287
131,4,310.49933,0.0
131,5,313.18546,0.0
131,6,324.9165,-0.0
131,7,345.26065,0.0
131,8,347.95245,-0.0
131,9,312.521,0.0
131,10,295.8389,0.04989948
131,11,293.31168,-0.0
131,12,295.49222,0.0
131,13,297.72098,0.15168971
131,14,297.39908,0.28972247
131,15,297.8606,0.0
131,16,304.38876,0.12986705
132,0,292.51123,0.0
132,1,286.98346,0.0
132,2,310.45425,0.4676623
132,3,309.5172,0.020865275
132,4,310.45505,0.0
132,5,313.18546,0.0
132,6,324.9165,-0.0
132,7,345.26065,0.0
132,8,347.95245,-0.0
132,9,312.49625,0.0
132,10,295.8306,0.035060883
132,11,293.25397,-0.0
132,12,295.4313,0.0
132,13,297.69962,0.09755347
132,14,297.3796,0.21216907
132,15,297.81793,0.0
132,16,304.35257,0.09965982
133,0,292.466,0.0
133,1,286.94705,0.0
133,2,310.41693,0.37350145
133,3,309.48233,0.007693152
133,4,310.41718,0.0
133,5,313.18546,0.0
133,6,324.9165,-0.0
133,7,345.26065,0.0
133,8,347.95245,-0.0
133,9,312.47446,0.0
133,10,295.8244,0.025108613
133,11,293.20883,-0.0
133,12,295.38318,0.0
133,13,297.68527,0.06541253
133,14,297.36343,0.16135927
133,15,297.78168,0.0
133,16,304.32053,0.07410946
134,0,292.422,0.0
134,1,286.9113,0.0
134,2,310.38513,0.30096826
134,3,309.45267,0.00023283748
134,4,310.3925,0.0
134,5,313.18546,0.0
134,6,324.9165,-0.0
134,7,345.26065,0.0
134,8,347.95245,-0.0
134,9,312.45496,0.0
134,10,295.81967,0.019769937
134,11,293.16525,-0.0
134,12,295.33932,0.0
134,13,297.6754,0.045828592
134,14,297.34875,0.12137508
134,15,297.74963,0.0
134,16,304.28943,0.058578156
135,0,292.3877,0.0
135,1,286.88254,0.0
135,2,310.3551,0.24048193
135,3,309.42438,-0.0
135,4,310.3869,0.0
135,5,313.18546,0.0
135,6,324.9165,-0.0
135,7,345.26065,0.0
135,8,347.95245,-0.0
135,9,312.43625,0.0
135,10,295.81595,0.016266936
135,11,293.1281,-0.0
135,12,295.3003,0.0
135,13,297.6679,0.032396752
135,14,297.33533,0.08804964
135,15,297.72226,0.0
135,16,304.26562,0.04780909
136,0,292.36188,0.0
136,1,286.86005,0.0
136,2,310.32962,0.19576721
136,3,309.40134,-0.0
136,4,310.38544,0.0
136,5,313.18546,0.0
136,6,324.9165,-0.0
136,7,345.26065,0.0
136,8,347.95245,-0.0
136,9,312.4211,0.0
136,10,295.81287,0.013559194
136,11,293.09998,-0.0
136,12,295.2707,0.0
136,13,297.6603,0.023782836
136,14,297.3266,0.06821661
136,15,297.69836,0.0
136,16,304.2463,0.03996506
137,0,292.34247,0.0
137,1,286.8427,0.0
137,2,310.309,0.16347134
137,3,309.38254,-0.0
137,4,310.38498,0.0
137,5,313.18546,0.0
137,6,324.9165,-0.0
137,7,345.26065,0.0
137,8,347.95245,-0.0
137,9,312.4074,0.0
137,10,295.81076,0.011821746
137,11,293.07825,-0.0
137,12,295.2475,0.0
137,13,297.6551,0.01850433
137,14,297.32068,0.055723
137,15,297.67862,0.0
137,16,304.23035,0.03214364
138,0,292.3262,0.0
138,1,286.82492,0.0
138,2,310.2922,0.13849369
138,3,309.367,-0.0
138,4,310.3848,0.0
138,5,313.18546,0.0
138,6,324.9165,-0.0
138,7,345.26065,0.0
138,8,347.95245,-0.0
138,9,312.39578,0.0
138,10,295.809,0.010402624
138,11,293.06018,-0.0
138,12,295.22824,0.0
138,13,297.65146,0.015117827
138,14,297.31567,0.045800835
138,15,297.66187,0.0
138,16,304.21698,0.025398972
139,0,292.31,0.0
139,1,286.81064,0.0
139,2,310.27914,0.11774333
139,3,309.35483,-0.0
139,4,310.3847,0.0
139,5,313.18546,0.0
139,6,324.9165,-0.0
139,7,345.26065,0.0
139,8,347.95245,-0.0
139,9,312.3873,0.0
139,10,295.8074,0.009223059
139,11,293.04547,-0.0
139,12,295.2129,0.0
139,13,297.64792,0.01206257
139,14,297.31158,0.038147077
139,15,297.6486,0.0
139,16,304.20636,0.020034658
140,0,292.29678,0.0
140,1,286.79898,0.0
140,2,310.26813,0.102205046
140,3,309.3444,-0.0
140,4,310.38464,0.0
140,5,313.18546,0.0
140,6,324.9165,-0.0
140,7,345.26065,0.0
140,8,347.95245,-0.0
140,9,312.37964,0.0
140,10,295.80612,0.008288011
140,11,293.0327,-0.0
140,12,295.19995,0.0
140,13,297.64493,0.009699914
140,14,297.3081,0.032215726
140,15,297.63736,0.0
140,16,304.1954,0.016017998
141,0,292.28595,0.0
141,1,286.78928,0.0
141,2,310.259,0.09198899
141,3,309.33582,-0.0
141,4,310.3846,0.0
141,5,313.18546,0.0
141,6,324.9165,-0.0
141,7,345.26065,0.0
141,8,347.95245,-0.0
141,9,312.3725,0.0
141,10,295.80502,0.0075333295
141,11,293.02032,-0.0
141,12,295.1874,0.0
141,13,297.64282,0.008125311
141,14,297.30386,0.027292827
141,15,297.62817,0.0
141,16,304.1863,0.013202164
142,0,292.27686,0.0
142,1,286.7798,0.0
142,2,310.25134,0.083290726
142,3,309.32812,-0.0
142,4,310.38458,0.0
142,5,313.18546,0.0
142,6,324.9165,-0.0
142,7,345.26065,0.0
142,8,347.95245,-0.0
142,9,312.36664,0.0
142,10,295.80396,0.006797691
142,11,293.0099,-0.0
142,12,295.1764,0.0
142,13,297.64127,0.007056796
142,14,297.30014,0.023212597
142,15,297.62057,0.0
142,16,304.1788,0.011018105
143,0,292.2691,0.0
143,1,286.7717,0.0
143,2,310.24274,0.07571633
143,3,309.32,-0.0
143,4,310.38455,0.0
143,5,313.18546,0.0
143,6,324.9165,-0.0
143,7,345.26065,0.0
143,8,347.95245,-0.0
143,9,312.36072,0.0
143,10,295.80316,0.006286962
143,11,293.0009,-0.0
143,12,295.16672,0.0
143,13,297.6399,0.0061301026
143,14,297.29718,0.020139083
143,15,297.61282,0.0
143,16,304.17194,0.008954826
144,0,292.2623,0.0
144,1,286.76443,0.0
144,2,310.23602,0.06954934
144,3,309.31366,-0.0
144,4,310.38455,0.0
144,5,313.18546,0.0
144,6,324.9165,-0.0
144,7,345.26065,0.0
144,8,347.95245,-0.0
144,9,312.3559,0.0
144,10,295.80246,0.0058474196
144,11,292.99298,-0.0
144,12,295.15863,0.0
144,13,297.6387,0.005383376
144,14,297.29495,0.017917564
144,15,297.60574,0.0
144,16,304.1665,0.007579712
145,0,292.257,0.0
145,1,286.75873,0.0
145,2,310.23044,0.06460918
145,3,309.30838,-0.0
145,4,310.38455,0.0
145,5,313.18546,0.0
145,6,324.9165,-0.0
145,7,345.26065,0.0
145,8,347.95245,-0.0
145,9,312.35178,0.0
145,10,295.80176,0.0054172133
145,11,292.9868,-0.0
145,12,295.15222,0.0
145,13,297.63766,0.0047710096
145,14,297.2929,0.015960881
145,15,297.60004,0.0
145,16,304.16205,0.0064420383
146,0,292.25223,0.0
146,1,286.75363,0.0
146,2,310.2252,0.059790395
146,3,309.30338,-0.0
146,4,310.38452,0.0
146,5,313.18546,0.0
146,6,324.9165,-0.0
146,7,345.26065,0.0
146,8,347.95245,-0.0
146,9,312.348,0.0
146,10,295.80118,0.0050775437
146,11,292.9812,-0.0
146,12,295.1464,0.0
146,13,297.63678,0.004255002
146,14,297.29102,0.014258083
146,15,297.59476,0.0
146,16,304.15793,0.0056518507
147,0,292.24777,0.0
147,1,286.7488,0.0
147,2,310.2202,0.055083025
147,3,309.2986,-0.0
147,4,310.38452,0.0
147,5,313.18546,0.0
147,6,324.9165,-0.0
147,7,345.26065,0.0
147,8,347.95245,-0.0
147,9,312.34445,0.0
147,10,295.80066,0.004773881
147,11,292.97595,-0.0
147,12,295.1409,0.0
147,13,297.63596,0.0037990091
147,14,297.28934,0.012782469
147,15,297.58978,0.0
147,16,304.15402,0.005090901
148,0,292.24365,0.0
148,1,286.7443,0.0
148,2,310.2157,0.05095128
148,3,309.29428,-0.0
148,4,310.38452,0.0
148,5,313.18546,0.0
148,6,324.9165,-0.0
148,7,345.26065,0.0
148,8,347.95245,-0.0
148,9,312.34122,0.0
148,10,295.80017,0.004498455
148,11,292.97104,-0.0
148,12,295.13577,0.0
148,13,297.6352,0.0034012087
148,14,297.28748,0.011225601
148,15,297.5852,0.0
148,16,304.15048,0.0045028157
149,0,292.23975,0.0
149,1,286.74,0.0
149,2,310.21133,0.047245402
149,3,309.29007,-0.0
149,4,310.38452,0.0
149,5,313.18546,0.0
149,6,324.9165,-0.0
149,7,345.26065,0.0
149,8,347.95245,-0.0
149,9,312.33795,0.0
149,10,295.79974,0.0042439983
149,11,292.9664,-0.0
149,12,295.13095,0.0
149,13,297.63455,0.0030702902
149,14,297.28586,0.00993075
149,15,297.5808,0.0
149,16,304.14706,0.0040747453
150,0,292.23706,0.0
150,1,286.73697,0.0
150,2,310.20575,0.043760374
150,3,309.2874,-0.0
150,4,310.38452,0.0
150,5,313.18546,0.0
150,6,324.9165,-0.0
150,7,345.26065,0.0
150,8,347.95245,-0.0
150,9,312.25,0.0
150,10,295.7993,0.004007767
150,11,292.96326,-0.0
150,12,295.12772,0.0
150,13,297.634,0.002801786
150,14,297.28458,0.008937141
150,15,297.57794,0.0
150,16,304.14484,0.0036998359
151,0,292.23416,0.0
151,1,286.73373,0.0
151,2,310.20645,0.040459964
151,3,309.28287,-0.0
151,4,310.38452,0.0
151,5,313.18546,0.0
151,6,324.9165,-0.0
151,7,345.26065,0.0
151,8,347.95245,-0.0
151,9,312.36118,0.0
151,10,295.7989,0.0037897793
151,11,292.95975,-0.0
151,12,295.12408,0.0
151,13,297.63345,0.0025349539
151,14,297.2835,0.008155007
151,15,297.57462,0.0
151,16,304.14227,0.0033632978
152,0,292.23126,0.0
152,1,286.7305,0.0
152,2,310.20422,0.03766918
152,3,309.28088,-0.0
152,4,310.38452,0.0
152,5,313.18546,0.0
152,6,324.9165,-0.0
152,7,345.26065,0.0
152,8,347.95245,-0.0
152,9,312.36942,0.0
152,10,295.79852,0.0035887733
152,11,292.9563,-0.0
152,12,295.12045,0.0
152,13,297.63306,0.0023475906
152,14,297.28265,0.007536195
152,15,297.57117,0.0
152,16,304.13965,0.0030603844
153,0,292.2291,0.0
153,1,286.728,0.0
153,2,310.19876,0.035259843
153,3,309.27972,-0.0
153,4,310.38452,0.0
153,5,313.18546,0.0
153,6,324.9165,-0.0
153,7,345.26065,0.0
153,8,347.95245,-0.0
153,9,312.25,0.0
153,10,295.79816,0.0034025635
153,11,292.95367,-0.0
153,12,295.11777,0.0
153,13,297.63272,0.0022045455
153,14,297.28183,0.0069627957
153,15,297.56866,0.0
153,16,304.13773,0.00278157
154,0,292.2268,0.0
154,1,286.72543,0.0
154,2,310.1951,0.032831557
154,3,309.2761,-0.0
154,4,310.38452,0.0
154,5,313.18546,0.0
154,6,324.9165,-0.0
154,7,345.26065,0.0
154,8,347.95245,-0.0
154,9,312.25,0.0
154,10,295.7978,0.003229145
154,11,292.95096,-0.0
154,12,295.1149,0.0
154,13,297.63242,0.0020698356
154,14,297.2812,0.0065312637
154,15,297.56595,0.0
154,16,304.13562,0.0025393276
155,0,292.22516,0.0
155,1,286.72348,0.0
155,2,310.1947,0.03075344
155,3,309.2735,-0.0
155,4,310.38452,0.0
155,5,313.18546,0.0
155,6,324.9165,-0.0
155,7,345.26065,0.0
155,8,347.95245,-0.0
155,9,312.34454,0.0
155,10,295.7975,0.0030670965
155,11,292.94897,-0.0
155,12,295.1129,0.0
155,13,297.63214,0.0019472882
155,14,297.28055,0.0061082575
155,15,297.56418,0.0
155,16,304.13428,0.0023374774
156,0,292.22336,0.0
156,1,286.7214,0.0
156,2,310.19366,0.02897653
156,3,309.2712,-0.0
156,4,310.38452,0.0
156,5,313.18546,0.0
156,6,324.9165,-0.0
156,7,345.26065,0.0
156,8,347.95245,-0.0
156,9,312.3531,0.0
156,10,295.79715,0.0029155388
156,11,292.94678,-0.0
156,12,295.1106,0.0
156,13,297.6319,0.0018366176
156,14,297.27994,0.0057095373
156,15,297.56192,0.0
156,16,304.13254,0.0021638062
157,0,292.2216,0.0
157,1,286.7194,0.0
157,2,310.19177,0.027300578
157,3,309.26926,-0.0
157,4,310.38452,0.0
157,5,313.18546,0.0
157,6,324.9165,-0.0
157,7,345.26065,0.0
157,8,347.95245,-0.0
157,9,312.3604,0.0
157,10,295.79688,0.002773991
157,11,292.94467,-0.0
157,12,295.1084,0.0
157,13,297.63165,0.0017366307
157,14,297.2794,0.0053696902
157,15,297.55984,0.0
157,16,304.13095,0.0020132184
158,0,292.21973,0.0
158,1,286.7172,0.0
158,2,310.19064,0.025717702
158,3,309.26797,-0.0
158,4,310.3845,0.0
158,5,313.18546,0.0
158,6,324.9165,-0.0
158,7,345.26065,0.0
158,8,347.95245,-0.0
158,9,312.3597,0.0
158,10,295.79657,0.002642205
158,11,292.9424,-0.0
158,12,295.10605,0.0
158,13,297.6314,0.0016459669
158,14,297.2789,0.0050706966
158,15,297.55756,0.0
158,16,304.1292,0.001880579
159,0,292.21823,0.0
159,1,286.71545,0.0
159,2,310.18823,0.024258887
159,3,309.2667,-0.0
159,4,310.3845,0.0
159,5,313.18546,0.0
159,6,324.9165,-0.0
159,7,345.26065,0.0
159,8,347.95245,-0.0
159,9,312.34753,0.0
159,10,295.79633,0.0025200215
159,11,292.9406,-0.0
159,12,295.1042,0.0
159,13,297.63123,0.0015633756
159,14,297.27844,0.0048024748
159,15,297.55576,0.0
159,16,304.12784,0.001762264
160,0,292.21686,0.0
160,1,286.71384,0.0
160,2,310.18576,0.02290501
160,3,309.26535,-0.0
160,4,310.3845,0.0
160,5,313.18546,0.0
160,6,324.9165,-0.0
160,7,345.26065,0.0
160,8,347.95245,-0.0
160,9,312.25,0.0
160,10,295.79608,0.0024083438
160,11,292.93893,-0.0
160,12,295.10242,0.0
160,13,297.631,0.0014878013
160,14,297.27805,0.004559661
160,15,297.55408,0.0
160,16,304.12656,0.0016551334
161,0,292.2155,0.0
161,1,286.71176,0.0
161,2,310.18344,0.021628596
161,3,309.26392,-0.0
161,4,310.3845,0.0
161,5,313.18546,0.0
161,6,324.9165,-0.0
161,7,345.26065,0.0
161,8,347.95245,-0.0
161,9,312.25,0.0
161,10,295.79584,0.0023037225
161,11,292.93732,-0.0
161,12,295.10077,0.0
161,13,297.63083,0.0014183535
161,14,297.27765,0.0043385723
161,15,297.5525,0.0
161,16,304.12537,0.0015568882
162,0,292.2145,0.0
162,1,286.71014,0.0
162,2,310.18307,0.020482179
162,3,309.26135,-0.0
162,4,310.3845,0.0
162,5,313.18546,0.0
162,6,324.9165,-0.0
162,7,345.26065,0.0
162,8,347.95245,-0.0
162,9,312.347,0.0
162,10,295.79562,0.0022063714
162,11,292.93613,-0.0
162,12,295.09952,0.0
162,13,297.63068,0.0013542777
162,14,297.2773,0.0041363025
162,15,297.5513,0.0
162,16,304.12445,0.0014666271
163,0,292.21182,0.0
163,1,286.70718,0.0
163,2,310.17975,0.019441798
163,3,309.2596,-0.0
163,4,310.3845,0.0
163,5,313.18546,0.0
163,6,324.9165,-0.0
163,7,345.26065,0.0
163,8,347.95245,-0.0
163,9,312.3379,0.0
163,10,295.7954,0.0021155258
163,11,292.93384,-0.0
163,12,295.09714,0.0
163,13,297.63052,0.0012949313
163,14,297.27698,0.003950362
163,15,297.54892,0.0
163,16,304.12265,0.0013838174
164,0,292.21036,0.0
164,1,286.70554,0.0
164,2,310.1793,0.018513
164,3,309.25833,-0.0
164,4,310.3845,0.0
164,5,313.18546,0.0
164,6,324.9165,-0.0
164,7,345.26065,0.0
164,8,347.95245,-0.0
164,9,312.3446,0.0
164,10,295.7952,0.0020305482
164,11,292.93262,-0.0
164,12,295.0959,0.0
164,13,297.63037,0.0012397616
164,14,297.27667,0.0037785473
164,15,297.54776,0.0
164,16,304.12177,0.0013076393
165,0,292.20898,0.0
165,1,286.70407,0.0
165,2,310.17877,0.017642476
165,3,309.2571,-0.0
165,4,310.3845,0.0
165,5,313.18546,0.0
165,6,324.9165,-0.0
165,7,345.26065,0.0
165,8,347.95245,-0.0
165,9,312.35007,0.0
165,10,295.795,0.0019508948
165,11,292.93146,-0.0
165,12,295.0947,0.0
165,13,297.63022,0.0011883068
165,14,297.27637,0.0036190958
165,15,297.54657,0.0
165,16,304.12085,0.001237113
166,0,292.2079,0.0
166,1,286.70285,0.0
166,2,310.1785,0.016871793
166,3,309.25687,-0.0
166,4,310.3845,0.0
166,5,313.18546,0.0
166,6,324.9165,-0.0
166,7,345.26065,0.0
166,8,347.95245,-0.0
166,9,312.34488,0.0
166,10,295.79483,0.0018759627
166,11,292.93054,-0.0
166,12,295.09375,0.0
166,13,297.6301,0.0011402264
166,14,297.2761,0.0034706825
166,15,297.5457,0.0
166,16,304.12018,0.001171699
167,0,292.2065,0.0
167,1,286.70135,0.0
167,2,310.1773,0.016151136
167,3,309.25568,-0.0
167,4,310.3845,0.0
167,5,313.18546,0.0
167,6,324.9165,-0.0
167,7,345.26065,0.0
167,8,347.95245,-0.0
167,9,312.34323,0.0
167,10,295.79465,0.0018050411
167,11,292.92938,-0.0
167,12,295.09253,0.0
167,13,297.62997,0.0010953634
167,14,297.27582,0.0033322573
167,15,297.5445,0.0
167,16,304.1193,0.0011113283
168,0,292.2052,0.0
168,1,286.69995,0.0
168,2,310.17334,0.015471622
168,3,309.2539,-0.0
168,4,310.3845,0.0
168,5,313.18546,0.0
168,6,324.9165,-0.0
168,7,345.26065,0.0
168,8,347.95245,-0.0
168,9,312.25,0.0
168,10,295.7945,0.0017375678
168,11,292.92828,-0.0
168,12,295.09088,0.0
168,13,297.62985,0.0010534392
168,14,297.27557,0.003202929
168,15,297.54236,0.0
168,16,304.11765,0.0010559555
169,0,292.2029,0.0
169,1,286.69745,0.0
169,2,310.17368,0.014838284
169,3,309.25296,-0.0
169,4,310.3845,0.0
169,5,313.18546,0.0
169,6,324.9165,-0.0
169,7,345.26065,0.0
169,8,347.95245,-0.0
169,9,312.25,0.0
169,10,295.79434,0.0016733173
169,11,292.92636,-0.0
169,12,295.08936,0.0
169,13,297.62973,0.0010141288
169,14,297.27536,0.0030819261
169,15,297.5414,0.0
169,16,304.11697,0.001005298
170,0,292.20187,0.0
170,1,286.69632,0.0
170,2,310.17276,0.0142399985
170,3,309.252,-0.0
170,4,310.3845,0.0
170,5,313.18546,0.0
170,6,324.9165,-0.0
170,7,345.26065,0.0
170,8,347.95245,-0.0
170,9,312.25,0.0
170,10,295.79416,0.0016122956
170,11,292.9255,-0.0
170,12,295.0885,0.0
170,13,297.62964,0.0009771548
170,14,297.27512,0.002968583
170,15,297.54047,0.0
170,16,304.11612,0.00095886533
171,0,292.20084,0.0
171,1,286.6952,0.0
171,2,310.17188,0.013677938
171,3,309.25113,-0.0
171,4,310.3845,0.0
171,5,313.18546,0.0
171,6,324.9165,-0.0
171,7,345.26065,0.0
171,8,347.95245,-0.0
171,9,312.25,0.0
171,10,295.79404,0.0015545472
171,11,292.9246,-0.0
171,12,295.0876,0.0
171,13,297.62952,0.0009422931
171,14,297.2749,0.0028623266
171,15,297.53958,0.0
171,16,304.11514,0.00091570034
172,0,292.19986,0.0
172,1,286.69412,0.0
172,2,310.17105,0.013137226
172,3,309.25027,-0.0
172,4,310.3845,0.0
172,5,313.18546,0.0
172,6,324.9165,-0.0
172,7,345.26065,0.0
172,8,347.95245,-0.0
172,9,312.25,0.0
172,10,295.79388,0.0015000426
172,11,292.9235,-0.0
172,12,295.0867,0.0
172,13,297.6293,0.00090936135
172,14,297.27472,0.0027626525
172,15,297.53873,0.0
172,16,304.1142,0.0008732378
173,0,292.1989,0.0
173,1,286.6931,0.0
173,2,310.16946,0.012585263
173,3,309.24976,-0.0
173,4,310.3845,0.0
173,5,313.18546,0.0
173,6,324.9165,-0.0
173,7,345.26065,0.0
173,8,347.95245,-0.0
173,9,312.25,0.0
173,10,295.79373,0.0014486585
173,11,292.9224,-0.0
173,12,295.0858,0.0
173,13,297.62912,0.00087820645
173,14,297.2745,0.0026691041
173,15,297.5379,0.0
173,16,304.1133,0.00080964254
174,0,292.19788,0.0
174,1,286.692,0.0
174,2,310.16867,0.011996518
174,3,309.2489,-0.0
174,4,310.3845,0.0
174,5,313.18546,0.0
174,6,324.9165,-0.0
174,7,345.26065,0.0
174,8,347.95245,-0.0
174,9,312.25,0.0
174,10,295.7936,0.0014001817
174,11,292.9211,-0.0
174,12,295.08444,0.0
174,13,297.62897,0.00084869633
174,14,297.27432,0.0025812285
174,15,297.53702,0.0
174,16,304.11234,0.00075993675
175,0,292.197,0.0
175,1,286.691,0.0
175,2,310.16748,0.011515589
175,3,309.24783,-0.0
175,4,310.3845,0.0
175,5,313.18546,0.0
175,6,324.9165,-0.0
175,7,345.26065,0.0
175,8,347.95245,-0.0
175,9,312.25,0.0
175,10,295.7935,0.0013543197
175,11,292.92004,-0.0
175,12,295.0834,0.0
175,13,297.62878,0.0008207147
175,14,297.27417,0.0024981939
175,15,297.5361,0.0
175,16,304.111,0.00072011544
176,0,292.19492,0.0
176,1,286.68878,0.0
176,2,310.16733,0.011067358
176,3,309.24692,-0.0
176,4,310.3845,0.0
176,5,313.18546,0.0
176,6,324.9165,-0.0
176,7,345.26065,0.0
176,8,347.95245,-0.0
176,9,312.25,0.0
176,10,295.79337,0.0013107499
176,11,292.9175,-0.0
176,12,295.0807,0.0
176,13,297.62863,0.00079416024
176,14,297.274,0.0024189043
176,15,297.53436,0.0
176,16,304.10947,0.00068618037
177,0,292.19403,0.0
177,1,286.68787,0.0
177,2,310.16605,0.010642204
177,3,309.24536,-0.0
177,4,310.3845,0.0
177,5,313.18546,0.0
177,6,324.9165,-0.0
177,7,345.26065,0.0
177,8,347.95245,-0.0
177,9,312.25,0.0
177,10,295.79324,0.0012691868
177,11,292.91644,-0.0
177,12,295.0796,0.0
177,13,297.62848,0.000768956
177,14,297.27386,0.0023585113
177,15,297.5336,0.0
177,16,304.10864,0.0006560664
178,0,292.1932,0.0
178,1,286.68695,0.0
178,2,310.16537,0.010245977
178,3,309.24466,-0.0
178,4,310.3845,0.0
178,5,313.18546,0.0
178,6,324.9165,-0.0
178,7,345.26065,0.0
178,8,347.95245,-0.0
178,9,312.25,0.0
178,10,295.79315,0.0012294347
178,11,292.91544,-0.0
178,12,295.07852,0.0
178,13,297.62833,0.00074505416
178,14,297.2737,0.0022902193
178,15,297.53287,0.0
178,16,304.10785,0.00062864844
179,0,292.19235,0.0
179,1,286.68607,0.0
179,2,310.1645,0.009883401
179,3,309.24344,-0.0
179,4,310.3845,0.0
179,5,313.18546,0.0
179,6,324.9165,-0.0
179,7,345.26065,0.0
179,8,347.95245,-0.0
179,9,312.3401,0.0
179,10,295.79303,0.0011913959
179,11,292.9144,-0.0
179,12,295.07742,0.0
179,13,297.62817,0.00072242465
179,14,297.27356,0.002223019
179,15,297.53214,0.0
179,16,304.10703,0.00060328003
180,0,292.19156,0.0
180,1,286.68518,0.0
180,2,310.1642,0.009547982
180,3,309.2428,-0.0
180,4,310.3845,0.0
180,5,313.18546,0.0
180,6,324.9165,-0.0
180,7,345.26065,0.0
180,8,347.95245,-0.0
180,9,312.3434,0.0
180,10,295.79294,0.0011550355
180,11,292.91345,-0.0
180,12,295.07645,0.0
180,13,297.62805,0.0007010294
180,14,297.2734,0.002158772
180,15,297.53146,0.0
180,16,304.1063,0.0005795687
181,0,292.19083,0.0
181,1,286.6844,0.0
181,2,310.16382,0.009222646
181,3,309.24228,-0.0
181,4,310.3845,0.0
181,5,313.18546,0.0
181,6,324.9165,-0.0
181,7,345.26065,0.0
181,8,347.95245,-0.0
181,9,312.34506,0.0
181,10,295.79285,0.0011203378
181,11,292.91257,-0.0
181,12,295.07553,0.0
181,13,297.6279,0.00068056094
181,14,297.2733,0.0020976602
181,15,297.53085,0.0
181,16,304.10562,0.0005572615
182,0,292.1901,0.0
182,1,286.6836,0.0
182,2,310.16257,0.008913739
182,3,309.2422,-0.0
182,4,310.3845,0.0
182,5,313.18546,0.0
182,6,324.9165,-0.0
182,7,345.26065,0.0
182,8,347.95245,-0.0
182,9,312.25,0.0
182,10,295.79272,0.0010872768
182,11,292.91165,-0.0
182,12,295.07462,0.0
182,13,297.62778,0.0006605291
182,14,297.27316,0.0020395173
182,15,297.5302,0.0
182,16,304.10495,0.0005361849
183,0,292.18942,0.0
183,1,286.6829,0.0
183,2,310.1608,0.008617011
183,3,309.24158,-0.0
183,4,310.3845,0.0
183,5,313.18546,0.0
183,6,324.9165,-0.0
183,7,345.26065,0.0
183,8,347.95245,-0.0
183,9,312.25,0.0
183,10,295.79263,0.0010558052
183,11,292.91086,-0.0
183,12,295.0738,0.0
183,13,297.62766,0.00064100686
183,14,297.273,0.0019841534
183,15,297.52966,0.0
183,16,304.10434,0.0005162115
184,0,292.1886,0.0
184,1,286.68216,0.0
184,2,310.16037,0.008307936
184,3,309.2409,-0.0
184,4,310.3845,0.0
184,5,313.18546,0.0
184,6,324.9165,-0.0
184,7,345.26065,0.0
184,8,347.95245,-0.0
184,9,312.25,0.0
184,10,295.79254,0.001025855
184,11,292.90976,-0.0
184,12,295.0727,0.0
184,13,297.62753,0.00062229746
184,14,297.2729,0.0019313974
184,15,297.52902,0.0
184,16,304.10364,0.00049724296
185,0,292.18802,0.0
185,1,286.6814,0.0
185,2,310.1594,0.008016235
185,3,309.23907,-0.0
185,4,310.3845,0.0
185,5,313.18546,0.0
185,6,324.9165,-0.0
185,7,345.26065,0.0
185,8,347.95245,-0.0
185,9,312.34134,0.0
185,10,295.79248,0.0009973444
185,11,292.90915,-0.0
185,12,295.07202,0.0
185,13,297.6274,0.0006046118
185,14,297.2728,0.0018810853
185,15,297.52844,0.0
185,16,304.103,0.0004791991
186,0,292.18643,0.0
186,1,286.67993,0.0
186,2,310.15805,0.0077642105
186,3,309.2371,-0.0
186,4,310.3845,0.0
186,5,313.18546,0.0
186,6,324.9165,-0.0
186,7,345.26065,0.0
186,8,347.95245,-0.0
186,9,312.3434,0.0
186,10,295.7924,0.0009701854
186,11,292.90707,-0.0
186,12,295.06952,0.0
186,13,297.6273,0.00058801565
186,14,297.27267,0.0018330663
186,15,297.5261,0.0
186,16,304.10104,0.0004620128
187,0,292.1855,0.0
187,1,286.6787,0.0
187,2,310.15692,0.007525758
187,3,309.2363,-0.0
187,4,310.3845,0.0
187,5,313.18546,0.0
187,6,324.9165,-0.0
187,7,345.26065,0.0
187,8,347.95245,-0.0
187,9,312.33945,0.0
187,10,295.7923,0.0009442885
187,11,292.90604,-0.0
187,12,295.06882,0.0
187,13,297.62717,0.0005724693
187,14,297.27255,0.0017872021
187,15,297.52585,0.0
187,16,304.1007,0.00044562586
188,0,292.1848,0.0
188,1,286.6779,0.0
188,2,310.15625,0.0072990013
188,3,309.23584,-0.0
188,4,310.3845,0.0
188,5,313.18546,0.0
188,6,324.9165,-0.0
188,7,345.26065,0.0
188,8,347.95245,-0.0
188,9,312.25,0.0
188,10,295.79224,0.0009195676
188,11,292.90524,-0.0
188,12,295.06793,0.0
188,13,297.62708,0.0005578778
188,14,297.27246,0.0017433597
188,15,297.52454,0.0
188,16,304.09985,0.00042998695
189,0,292.18427,0.0
189,1,286.67712,0.0
189,2,310.15442,0.0070825177
189,3,309.23517,-0.0
189,4,310.3845,0.0
189,5,313.18546,0.0
189,6,324.9165,-0.0
189,7,345.26065,0.0
189,8,347.95245,-0.0
189,9,312.25,0.0
189,10,295.79214,0.0008959416
189,11,292.90454,-0.0
189,12,295.06723,0.0
189,13,297.62698,0.00054412876
189,14,297.27237,0.0017014126
189,15,297.52383,0.0
189,16,304.09924,0.00041504978
190,0,292.18362,0.0
190,1,286.6762,0.0
190,2,310.1551,0.006875481
190,3,309.2343,-0.0
190,4,310.3845,0.0
190,5,313.18546,0.0
190,6,324.9165,-0.0
190,7,345.26065,0.0
190,8,347.95245,-0.0
190,9,312.25,0.0
190,10,295.79208,0.00087333546
190,11,292.90375,-0.0
190,12,295.0664,0.0
190,13,297.6269,0.000531114
190,14,297.27225,0.0016612407
190,15,297.52304,0.0
190,16,304.0987,0.00040077206
191,0,292.18307,0.0
191,1,286.67548,0.0
191,2,310.15308,0.006677179
191,3,309.23358,-0.0
191,4,310.3845,0.0
191,5,313.18546,0.0
191,6,324.9165,-0.0
191,7,345.26065,0.0
191,8,347.95245,-0.0
191,9,312.25,0.0
191,10,295.79202,0.0008516808
191,11,292.90308,-0.0
191,12,295.0657,0.0
191,13,297.6268,0.00051873946
191,14,297.27216,0.0016227332
191,15,297.52222,0.0
191,16,304.09808,0.00038711462
192,0,292.18243,0.0
192,1,286.6746,0.0
192,2,310.15244,0.006485706
192,3,309.23294,-0.0
192,4,310.3845,0.0
192,5,313.18546,0.0
192,6,324.9165,-0.0
192,7,345.26065,0.0
192,8,347.95245,-0.0
192,9,312.25,0.0
192,10,295.79196,0.00083091564
192,11,292.9023,-0.0
192,12,295.0649,0.0
192,13,297.6267,0.00050692755
192,14,297.27206,0.0015857881
192,15,297.52155,0.0
192,16,304.09756,0.00037404118
193,0,292.1819,0.0
193,1,286.67386,0.0
193,2,310.1527,0.0063002827
193,3,309.23218,-0.0
193,4,310.3845,0.0
193,5,313.18546,0.0
193,6,324.9165,-0.0
193,7,345.26065,0.0
193,8,347.95245,-0.0
193,9,312.25,0.0
193,10,295.79187,0.00081098406
193,11,292.9016,-0.0
193,12,295.06412,0.0
193,13,297.62662,0.0004956164
193,14,297.27197,0.0015503123
193,15,297.52075,0.0
193,16,304.09695,0.00036151803
194,0,292.18127,0.0
194,1,286.67297,0.0
194,2,310.1509,0.0061231125
194,3,309.23157,-0.0
194,4,310.3845,0.0
194,5,313.18546,0.0
194,6,324.9165,-0.0
194,7,345.26065,0.0
194,8,347.95245,-0.0
194,9,312.25,0.0
194,10,295.7918,0.00079182803
194,11,292.90088,-0.0
194,12,295.06345,0.0
194,13,297.62656,0.00048475718
194,14,297.2719,0.0015162211
194,15,297.52008,0.0
194,16,304.09647,0.00034951384
195,0,292.18066,0.0
195,1,286.67215,0.0
195,2,310.1508,0.005953969
195,3,309.23093,-0.0
195,4,310.3845,0.0
195,5,313.18546,0.0
195,6,324.9165,-0.0
195,7,345.26065,0.0
195,8,347.95245,-0.0
195,9,312.25,0.0
195,10,295.79175,0.0007733373
195,11,292.90015,-0.0
195,12,295.06268,0.0
195,13,297.62646,0.00047431118
195,14,297.27182,0.0014834383
195,15,297.51932,0.0
195,16,304.0959,0.00033800025
196,0,292.18018,0.0
196,1,286.67148,0.0
196,2,310.15082,0.0057889046
196,3,309.2298,-0.0
196,4,310.3845,0.0
196,5,313.18546,0.0
196,6,324.9165,-0.0
196,7,345.26065,0.0
196,8,347.95245,-0.0
196,9,312.33746,0.0
196,10,295.79172,0.0007552837
196,11,292.89954,-0.0
196,12,295.06207,0.0
196,13,297.6264,0.00046424745
196,14,297.27173,0.0014518938
196,15,297.51862,0.0
196,16,304.09534,0.00032695194
197,0,292.17963,0.0
197,1,286.6707,0.0
197,2,310.15063,0.005630728
197,3,309.2293,-0.0
197,4,310.3845,0.0
197,5,313.18546,0.0
197,6,324.9165,-0.0
197,7,345.26065,0.0
197,8,347.95245,-0.0
197,9,312.3411,0.0
197,10,295.79166,0.0007373922
197,11,292.89883,-0.0
197,12,295.06134,0.0
197,13,297.6263,0.0004545408
197,14,297.27167,0.0014215235
197,15,297.51797,0.0
197,16,304.09488,0.0003163424
198,0,292.17892,0.0
198,1,286.66965,0.0
198,2,310.14932,0.0054807435
198,3,309.22855,-0.0
198,4,310.3845,0.0
198,5,313.18546,0.0
198,6,324.9165,-0.0
198,7,345.26065,0.0
198,8,347.95245,-0.0
198,9,312.25,0.0
198,10,295.7916,0.0007195092
198,11,292.89804,-0.0
198,12,295.06064,0.0
198,13,297.62625,0.00044516998
198,14,297.27158,0.0013922361
198,15,297.51727,0.0
198,16,304.09433,0.000305948
199,0,292.1783,0.0
199,1,286.66916,0.0
199,2,310.14792,0.005337345
199,3,309.22833,-0.0
199,4,310.3845,0.0
199,5,313.18546,0.0
199,6,324.9165,-0.0
199,7,345.26065,0.0
199,8,347.95245,-0.0
199,9,312.25,0.0
199,10,295.79153,0.0007016785
199,11,292.89713,-0.0
199,12,295.05923,0.0
199,13,297.6262,0.00043611685
199,14,297.2715,0.0013638128
199,15,297.51633,0.0
199,16,304.09375,0.00029551337
200,0,292.17776,0.0
200,1,286.66843,0.0
200,2,310.14697,0.00519494
200,3,309.22726,-0.0
200,4,310.3845,0.0
200,5,313.18546,0.0
200,6,324.9165,-0.0
200,7,345.26065,0.0
200,8,347.95245,-0.0
200,9,312.25,0.0
200,10,295.79147,0.0006840818
200,11,292.89642,-0.0
200,12,295.0582,0.0
200,13,297.6261,0.00042736542
200,14,297.27142,0.0013361925
200,15,297.515,0.0
200,16,304.09262,0.0002846862
201,0,292.17722,0.0
201,1,286.6676,0.0
201,2,310.1461,0.005044967
201,3,309.2261,-0.0
201,4,310.3845,0.0
201,5,313.18546,0.0
201,6,324.9165,-0.0
201,7,345.26065,0.0
201,8,347.95245,-0.0
201,9,312.25,0.0
201,10,295.79135,0.0006669338
201,11,292.8957,-0.0
201,12,295.05707,0.0
201,13,297.62604,0.00041890139
201,14,297.27136,0.0013095108
201,15,297.51343,0.0
201,16,304.09152,0.00027435116
202,0,292.17566,0.0
202,1,286.66534,0.0
202,2,310.14478,0.0048945434
202,3,309.22406,-0.0
202,4,310.3845,0.0
202,5,313.18546,0.0
202,6,324.9165,-0.0
202,7,345.26065,0.0
202,8,347.95245,-0.0
202,9,312.25,0.0
202,10,295.79123,0.00065040623
202,11,292.8939,-0.0
202,12,295.0562,0.0
202,13,297.62598,0.0004107116
202,14,297.2713,0.0012838771
202,15,297.5127,0.0
202,16,304.09085,0.00026463938
203,0,292.17508,0.0
203,1,286.66434,0.0
203,2,310.14343,0.004750671
203,3,309.22372,-0.0
203,4,310.3845,0.0
203,5,313.18546,0.0
203,6,324.9165,-0.0
203,7,345.26065,0.0
203,8,347.95245,-0.0
203,9,312.25,0.0
203,10,295.79114,0.0006346002
203,11,292.8932,-0.0
203,12,295.0555,0.0
203,13,297.62592,0.00040278383
203,14,297.27124,0.0012593025
203,15,297.512,0.0
203,16,304.09033,0.00025553178
204,0,292.1746,0.0
204,1,286.66367,0.0
204,2,310.14337,0.004620188
204,3,309.2229,-0.0
204,4,310.3845,0.0
204,5,313.18546,0.0
204,6,324.9165,-0.0
204,7,345.26065,0.0
204,8,347.95245,-0.0
204,9,312.25,0.0
204,10,295.79102,0.00061954965
204,11,292.89258,-0.0
204,12,295.05487,0.0
204,13,297.62585,0.0003951066
204,14,297.27118,0.0012357299
204,15,297.51132,0.0
204,16,304.0898,0.00024696445
