timestep_idx,timestamp
0,2025-10-02 04:00:00
1,2025-10-02 04:05:00
2,2025-10-02 04:10:00
3,2025-10-02 04:15:00
4,2025-10-02 04:20:00
5,2025-10-02 04:25:00
6,2025-10-02 04:30:00
7,2025-10-02 04:35:00
8,2025-10-02 04:40:00
9,2025-10-02 04:45:00
10,2025-10-02 04:50:00
11,2025-10-02 04:55:00
12,2025-10-02 05:00:00
13,2025-10-02 05:05:00
14,2025-10-02 05:10:00
15,2025-10-02 05:15:00
16,2025-10-02 05:20:00
17,2025-10-02 05:25:00
18,2025-10-02 05:30:00
19,2025-10-02 05:35:00
20,2025-10-02 05:40:00
21,2025-10-02 05:45:00
22,2025-10-02 05:50:00
23,2025-10-02 05:55:00
24,2025-10-02 06:00:00
25,2025-10-02 06:05:00
26,2025-10-02 06:10:00
27,2025-10-02 06:15:00
28,2025-10-02 06:20:00
29,2025-10-02 06:25:00
30,2025-10-02 06:30:00
31,2025-10-02 06:35:00
32,2025-10-02 06:40:00
33,2025-10-02 06:45:00
34,2025-10-02 06:50:00
35,2025-10-02 06:55:00
36,2025-10-02 07:00:00
37,2025-10-02 07:05:00
38,2025-10-02 07:10:00
39,2025-10-02 07:15:00
40,2025-10-02 07:20:00
41,2025-10-02 07:25:00
42,2025-10-02 07:30:00
43,2025-10-02 07:35:00
44,2025-10-02 07:40:00
45,2025-10-02 07:45:00
46,2025-10-02 07:50:00
47,2025-10-02 07:55:00
48,2025-10-02 08:00:00
49,2025-10-02 08:05:00
50,2025-10-02 08:10:00
51,2025-10-02 08:15:00
52,2025-10-02 08:20:00
53,2025-10-02 08:25:00
54,2025-10-02 08:30:00
55,2025-10-02 08:35:00
56,2025-10-02 08:40:00
57,2025-10-02 08:45:00
58,2025-10-02 08:50:00
59,2025-10-02 08:55:00
60,2025-10-02 09:00:00
61,2025-10-02 09:05:00
62,2025-10-02 09:10:00
63,2025-10-02 09:15:00
64,2025-10-02 09:20:00
65,2025-10-02 09:25:00
66,2025-10-02 09:30:00
67,2025-10-02 09:35:00
68,2025-10-02 09:40:00
69,2025-10-02 09:45:00
70,2025-10-02 09:50:00
71,2025-10-02 09:55:00
72,2025-10-02 10:00:00
73,2025-10-02 10:05:00
74,2025-10-02 10:10:00
75,2025-10-02 10:15:00
76,2025-10-02 10:20:00
77,2025-10-02 10:25:00
78,2025-10-02 10:30:00
79,2025-10-02 10:35:00
80,2025-10-02 10:40:00
81,2025-10-02 10:45:00
82,2025-10-02 10:50:00
83,2025-10-02 10:55:00
84,2025-10-02 11:00:00
85,2025-10-02 11:05:00
86,2025-10-02 11:10:00
87,2025-10-02 11:15:00
88,2025-10-02 11:20:00
89,2025-10-02 11:25:00
90,2025-10-02 11:30:00
91,2025-10-02 11:35:00
92,2025-10-02 11:40:00
93,2025-10-02 11:45:00
