timestep,edge_idx,flow,velocity
0,0,10.000843,5.908169
0,1,4.7535477,4.018723
0,2,0.0029557568,0.0058009597
0,3,0.0003497198,0.001652449
0,4,0.0,0.0
0,5,0.0,0.0
0,6,0.0,0.0
0,7,2.8287015,4.389106
0,8,0.48147273,2.7800028
0,9,9.493376,4.662594
0,10,9.448511,4.46698
0,11,1.4840045,3.3599286
0,12,1.6311498,3.715667
0,13,6.2794056,4.6645803
0,14,6.258705,6.229576
0,15,5.3745193,4.9372683
1,0,8.9987545,5.7578936
1,1,4.293243,3.9566584
1,2,0.0054487223,0.012260494
1,3,0.0006443147,0.0040524723
1,4,0.0,0.0
1,5,0.0,0.0
1,6,0.0,0.0
1,7,2.4918609,4.2574563
1,8,0.4022476,2.7111363
1,9,8.554392,4.5856643
1,10,8.482052,4.3826656
1,11,1.3040296,3.3400211
1,12,1.4521105,3.7094831
1,13,5.653612,4.5661654
1,14,5.619549,6.0758953
1,15,4.831644,4.8270826
2,0,7.9808803,5.607115
2,1,3.9017572,3.8945475
2,2,0.0030055654,0.0077061495
2,3,-1.411899e-06,-1.2206206e-05
2,4,0.0,0.0
2,5,0.0,0.0
2,6,0.0,0.0
2,7,2.2412453,4.162272
2,8,0.3700027,2.8012638
2,9,7.571303,4.4921403
2,10,7.5412245,4.2966223
2,11,1.1439488,3.3234677
2,12,1.2914829,3.7215812
2,13,5.0562267,4.4624176
2,14,5.034356,5.92813
2,15,4.3654766,4.7261705
3,0,7.304322,5.494087
3,1,3.6537356,3.8510375
3,2,0.002008922,0.0056529753
3,3,9.879849e-05,0.0010894231
3,4,0.0,0.0
3,5,0.0,0.0
3,6,0.0,0.0
3,7,2.0771456,4.080438
3,8,0.35421705,2.8939111
3,9,6.9294405,4.425961
3,10,6.902422,4.222488
3,11,1.0199606,3.282053
3,12,1.154784,3.6696
3,13,4.692154,4.4026275
3,14,4.6767063,5.8319807
3,15,4.0834346,4.660654
4,0,6.833433,5.410266
4,1,3.4471765,3.811616
4,2,0.0014604698,0.0044781645
4,3,5.813095e-05,0.00080961577
4,4,0.0,0.0
4,5,0.0,0.0
4,6,0.0,0.0
4,7,1.9235659,3.9955146
4,8,0.34498733,2.9591534
4,9,6.474511,4.3741713
4,10,6.4564714,4.1684294
4,11,0.93988264,3.2545886
4,12,1.0706952,3.6414485
4,13,4.421941,4.3511333
4,14,4.411906,5.7487235
4,15,3.859527,4.603932
5,0,6.5063357,5.347967
5,1,3.294096,3.7824087
5,2,0.0010271929,0.0033675889
5,3,4.1107156e-05,0.00071291305
5,4,0.0,0.0
5,5,0.0,0.0
5,6,0.0,0.0
5,7,1.8133812,3.9332433
5,8,0.3393772,2.9997206
5,9,6.1571865,4.3352447
5,10,6.1438837,4.1288166
5,11,0.8869151,3.2375169
5,12,1.0148314,3.6236258
5,13,4.2244015,4.3087425
5,14,4.2166495,5.683628
5,15,3.6880522,4.5562525
6,0,6.2809772,5.303424
6,1,3.192825,3.763083
6,2,0.000642108,0.0022018696
6,3,2.5702333e-05,0.00053294236
6,4,0.0,0.0
6,5,0.0,0.0
6,6,0.0,0.0
6,7,1.746312,3.89601
6,8,0.33619773,3.0286303
6,9,5.9383774,4.306964
6,10,5.9292903,4.1008573
6,11,0.85290754,3.2293434
6,12,0.9810372,3.6169393
6,13,4.083229,4.276934
6,14,4.077971,5.6364746
6,15,3.5705466,4.5232534
7,0,6.0066094,5.237686
7,1,3.0570393,3.7373538
7,2,0.0011748046,0.0042991145
7,3,4.710649e-05,0.0012631958
7,4,0.0,0.0
7,5,0.0,0.0
7,6,0.0,0.0
7,7,1.6606792,3.8475027
7,8,0.31029004,2.9777439
7,9,5.6850204,4.2711525
7,10,5.6689186,4.063948
7,11,0.80701077,3.2117991
7,12,0.93373454,3.5999126
7,13,3.9060438,4.235568
7,14,3.8956556,5.573257
7,15,3.4119282,4.4779854
8,0,5.7092495,5.169131
8,1,2.9399478,3.713073
8,2,0.00084091065,0.0032678857
8,3,3.34517e-05,0.0011480016
8,4,0.0,0.0
8,5,0.0,0.0
8,6,0.0,0.0
8,7,1.5994399,3.815146
8,8,0.29980874,2.9905772
8,9,5.400418,4.2325635
8,10,5.387719,4.0238624
8,11,0.7589421,3.192759
8,12,0.8831688,3.5796928
8,13,3.728804,4.194169
8,14,3.7214992,5.5115805
8,15,3.271245,4.4336033
9,0,5.491532,5.1172857
9,1,2.8554506,3.6936464
9,2,0.00063380896,0.0025811992
9,3,2.5867257e-05,0.0011188518
9,4,0.0,0.0
9,5,0.0,0.0
9,6,0.0,0.0
9,7,1.5536072,3.789806
9,8,0.2950663,3.010459
9,9,5.189748,4.2008533
9,10,5.18011,3.992765
9,11,0.7199153,3.170619
9,12,0.8430664,3.558889
9,13,3.6048818,4.1635747
9,14,3.599789,5.4679756
9,15,3.1734958,4.4020586
10,0,5.337162,5.079299
10,1,2.7924652,3.677875
10,2,0.00048641383,0.0020566655
10,3,1.958214e-05,0.0010587977
10,4,0.0,0.0
10,5,0.0,0.0
10,6,0.0,0.0
10,7,1.5175852,3.7692924
10,8,0.2921425,3.025395
10,9,5.040213,4.1744804
10,10,5.0332966,3.9684634
10,11,0.6910895,3.1509418
10,12,0.8158153,3.5448098
10,13,3.517586,4.14127
10,14,3.5138865,5.4364705
10,15,3.1010294,4.37782
11,0,5.226166,5.0514603
11,1,2.7455487,3.6658638
11,2,0.0003575011,0.0015560221
11,3,1.4325474e-05,0.00095225574
11,4,0.0,0.0
11,5,0.0,0.0
11,6,0.0,0.0
11,7,1.4895662,3.7527654
11,8,0.29028022,3.036686
11,9,4.9324408,4.1550307
11,10,4.927438,3.950593
11,11,0.6705077,3.1359944
11,12,0.7968563,3.5352778
11,13,3.453679,4.1242867
11,14,3.4508848,5.4130516
11,15,3.047634,4.3596478
12,0,5.146658,5.0312953
12,1,2.7100844,3.65666
12,2,0.0002646968,0.0011783029
12,3,1.0375088e-05,0.00083465443
12,4,0.0,0.0
12,5,0.0,0.0
12,6,0.0,0.0
12,7,1.467368,3.7392554
12,8,0.28919387,3.0455463
12,9,4.854945,4.1408057
12,10,4.851309,3.9377604
12,11,0.6567745,3.127086
12,12,0.7835847,3.5288754
12,13,3.406333,4.1113653
12,14,3.4043186,5.3955345
12,15,3.0075634,4.3457923
13,0,5.0279865,4.9964933
13,1,2.6481986,3.641231
13,2,0.0006042348,0.0028028544
13,3,2.5590893e-05,0.002753246
13,4,0.0,0.0
13,5,0.0,0.0
13,6,0.0,0.0
13,7,1.4288661,3.7153802
13,8,0.27669108,3.0160549
13,9,4.7457314,4.1199293
13,10,4.7377596,3.917573
13,11,0.63530314,3.112525
13,12,0.76235455,3.5175688
13,13,3.329535,4.089342
13,14,3.324736,5.364588
13,15,2.9356093,4.3209286
14,0,4.889208,4.9637847
14,1,2.5875392,3.6252823
14,2,0.00042951075,0.0020775215
14,3,1.8499397e-05,0.002795352
14,4,0.0,0.0
14,5,0.0,0.0
14,6,0.0,0.0
14,7,1.3950053,3.6952958
14,8,0.27130863,3.017015
14,9,4.6132793,4.0946093
14,10,4.606758,3.8928661
14,11,0.6120643,3.0972953
14,12,0.7405113,3.505377
14,13,3.2458189,4.0656595
14,14,3.2421246,5.331141
14,15,2.8649473,4.295986
15,0,4.784195,4.9383373
15,1,2.544134,3.6135452
15,2,0.00032712502,0.0016323762
15,3,1.3910368e-05,0.0029596924
15,4,0.0,0.0
15,5,0.0,0.0
15,6,0.0,0.0
15,7,1.3707681,3.6807308
15,8,0.26879686,3.0236728
15,9,4.5120344,4.074915
15,10,4.507417,3.873207
15,11,0.5929957,3.0799596
15,12,0.7226778,3.4933317
15,13,3.1858244,4.048778
15,14,3.1831927,5.3068576
15,15,2.8153963,4.2782984
16,0,4.7072115,4.919419
16,1,2.5104318,3.604244
16,2,0.00024822977,0.0012698639
16,3,1.0381975e-05,0.0032287657
16,4,0.0,0.0
16,5,0.0,0.0
16,6,0.0,0.0
16,7,1.3510134,3.6678338
16,8,0.26721781,3.0294542
16,9,4.4374413,4.0601587
16,10,4.4340644,3.8585117
16,11,0.5789509,3.0669067
16,12,0.7098323,3.4847484
16,13,3.1408787,4.035904
16,14,3.1388392,5.2883563
16,15,2.7770655,4.2643747
17,0,4.651265,4.9055953
17,1,2.4844716,3.596962
17,2,0.00019506722,0.0010166777
17,3,8.021408e-06,0.0038459492
17,4,0.0,0.0
17,5,0.0,0.0
17,6,0.0,0.0
17,7,1.3350775,3.6569428
17,8,0.2662501,3.0342932
17,9,4.383189,4.049322
17,10,4.38086,3.8479288
17,11,0.5695637,3.057411
17,12,0.7014074,3.4797387
17,13,3.1067772,4.025812
17,14,3.1052382,5.2742186
17,15,2.7476985,4.253569
18,0,4.6112604,4.8956766
18,1,2.4647622,3.5913577
18,2,0.00014881256,0.0007858634
18,3,5.6812232e-06,0.00454473
18,4,0.0,0.0
18,5,0.0,0.0
18,6,0.0,0.0
18,7,1.3224502,3.648129
18,8,0.26570025,3.0382767
18,9,4.3443384,4.041503
18,10,4.3426585,3.8404012
18,11,0.56336904,3.0517097
18,12,0.6958308,3.4768953
18,13,3.081181,4.018036
18,14,3.080028,5.263548
18,15,2.725601,4.245366
19,0,4.5828886,4.888628
19,1,2.4506335,3.5873137
19,2,0.000100961035,0.0005382782
19,3,4.1293374e-06,0.004859458
19,4,0.0,0.0
19,5,0.0,0.0
19,6,0.0,0.0
19,7,1.313098,3.6414995
19,8,0.26539853,3.0414295
19,9,4.316629,4.0358796
19,10,4.3154454,3.8350554
19,11,0.5591459,3.0480585
19,12,0.69199944,3.4751017
19,13,3.0627065,4.012365
19,14,3.0619054,5.2559156
19,15,2.7097468,4.2394605
20,0,4.5631914,4.883727
20,1,2.4407783,3.584464
20,2,6.833708e-05,0.00036679558
20,3,2.9405708e-06,0.0043123923
20,4,0.0,0.0
20,5,0.0,0.0
20,6,0.0,0.0
20,7,1.3063802,3.6366773
20,8,0.26523423,3.0437858
20,9,4.2973695,4.0319557
20,10,4.296564,3.8313353
20,11,0.55622673,3.045527
20,12,0.68934757,3.473854
20,13,3.0499096,4.0084267
20,14,3.0493698,5.2506537
20,15,2.6987896,4.235362
21,0,4.5501184,4.8804693
21,1,2.434371,3.5826042
21,2,4.4055934e-05,0.00023750775
21,3,2.0158054e-06,0.0035669857
21,4,0.0,0.0
21,5,0.0,0.0
21,6,0.0,0.0
21,7,1.3019556,3.633482
21,8,0.26514423,3.0454185
21,9,4.2845917,4.0293465
21,10,4.284067,3.8288589
21,11,0.5542581,3.0437498
21,12,0.68756515,3.4729695
21,13,3.041544,4.0058613
21,14,3.0411963,5.247216
21,15,2.691665,4.2326903
22,0,4.5417128,4.878373
22,1,2.4303355,3.581429
22,2,2.7389198e-05,0.00014806665
22,3,1.3708826e-06,0.0028246955
22,4,0.0,0.0
22,5,0.0,0.0
22,6,0.0,0.0
22,7,1.2991071,3.6314082
22,8,0.26509416,3.0464966
22,9,4.2763777,4.027667
22,10,4.2760477,3.8272593
22,11,0.55296266,3.0425255
22,12,0.6863961,3.4723523
22,13,3.036252,4.004246
22,14,3.036038,5.245044
22,15,2.6871784,4.231005
23,0,4.5365133,4.8770747
23,1,2.4278846,3.5807111
23,2,1.6565418e-05,8.9704314e-05
23,3,9.1287825e-07,0.0021154445
23,4,0.0,0.0
23,5,0.0,0.0
23,6,0.0,0.0
23,7,1.2973148,3.6300888
23,8,0.26506567,3.047172
23,9,4.2713013,4.026628
23,10,4.2711005,3.8262644
23,11,0.5521337,3.0416946
23,12,0.68565047,3.4719248
23,13,3.033053,4.0032783
23,14,3.032925,5.2437325
23,15,2.684473,4.229986
24,0,4.5334044,4.8762975
24,1,2.4264455,3.5802891
24,2,9.623846e-06,5.216637e-05
24,3,5.7723736e-07,0.0014560993
24,4,0.0,0.0
24,5,0.0,0.0
24,6,0.0,0.0
24,7,1.2962005,3.6292548
24,8,0.26504892,3.0475764
24,9,4.26827,4.0260077
24,10,4.2681537,3.825668
24,11,0.55162597,3.0411644
24,12,0.68519545,3.4716492
24,13,3.0311804,4.002716
24,14,3.0311077,5.2429647
24,15,2.682881,4.229385
25,0,5.4014606,5.1412725
25,1,2.9428132,3.703005
25,2,-0.006087982,-0.02349617
25,3,-0.00024034303,-0.008550679
25,4,0.0,0.0
25,5,0.0,0.0
25,6,0.0,0.0
25,7,1.6129541,3.829463
25,8,0.42690855,3.4730835
25,9,5.0280495,4.1778865
25,10,5.105467,3.9871888
25,11,0.7231144,3.1838074
25,12,0.8492955,3.573966
25,13,3.6363177,4.1812186
25,14,3.683153,5.498435
25,15,3.294619,4.4385104
26,0,6.8958683,5.4798956
26,1,3.594728,3.8234577
26,2,-0.0045762537,-0.013117077
26,3,-0.00018345365,-0.0021596681
26,4,0.0,0.0
26,5,0.0,0.0
26,6,0.0,0.0
26,7,1.9747915,4.015908
26,8,0.49584642,3.4372106
26,9,6.4488907,4.3820853
26,10,6.5131044,4.1799707
26,11,0.9548353,3.2558918
26,12,1.0834448,3.6395426
26,13,4.562759,4.3927536
26,14,4.600936,5.8089995
26,15,4.0760365,4.6534653
27,0,8.128009,5.693841
27,1,4.0495424,3.897783
27,2,-0.0043585026,-0.010551559
27,3,-0.000493723,-0.0037279096
27,4,0.0,0.0
27,5,0.0,0.0
27,6,0.0,0.0
27,7,2.2428083,4.144061
27,8,0.52789515,3.2940898
27,9,7.643485,4.5181265
27,10,7.6908245,4.311795
27,11,1.1563728,3.2953424
27,12,1.2956066,3.6844828
27,13,5.298665,4.523472
27,14,5.322887,6.001813
27,15,4.632245,4.77732
28,0,9.034097,5.8210487
28,1,4.4686213,3.9666977
28,2,-0.004307424,-0.009138322
28,3,-0.0005101611,-0.002855865
28,4,0.0,0.0
28,5,0.0,0.0
28,6,0.0,0.0
28,7,2.5676613,4.2839627
28,8,0.5468408,3.1591873
28,9,8.519716,4.602129
28,10,8.555356,4.3937225
28,11,1.3066456,3.3169394
28,12,1.4510648,3.6909387
28,13,5.8455763,4.6139174
28,14,5.8672566,6.136986
28,15,5.095372,4.8778872
29,0,9.704259,5.9023056
29,1,4.7887826,4.013095
29,2,-0.0029283399,-0.005675946
29,3,-0.0003469236,-0.0016041738
29,4,0.0,0.0
29,5,0.0,0.0
29,6,0.0,0.0
29,7,2.817944,4.3821406
29,8,0.5586772,3.0481682
29,9,9.169934,4.64971
29,10,9.198193,4.4452486
29,11,1.4090524,3.3120408
29,12,1.5566726,3.679411
29,13,6.2713356,4.6813116
29,14,6.2886267,6.2380037
29,15,5.453574,4.95217
30,0,10.161624,5.9563966
30,1,4.9886045,4.039413
30,2,-0.0016581686,-0.003051563
30,3,-0.00019646516,-0.0008155957
30,4,0.0,0.0
30,5,0.0,0.0
30,6,0.0,0.0
30,7,2.9665294,4.4357786
30,8,0.56535876,2.97502
30,9,9.610809,4.680052
30,10,9.630775,4.4774942
30,11,1.4747603,3.3047087
30,12,1.6230125,3.6666412
30,13,6.5554705,4.7194448
30,14,6.5664406,6.301723
30,15,5.682666,4.995161
31,0,9.722288,5.8656693
31,1,4.691589,4.0100174
31,2,0.0050099506,0.010003084
31,3,0.0005984732,0.0029336475
31,4,0.0,0.0
31,5,0.0,0.0
31,6,0.0,0.0
31,7,2.727837,4.3396764
31,8,0.45237866,2.7454336
31,9,9.233782,4.641085
31,10,9.182473,4.43478
31,11,1.3844606,3.2933037
31,12,1.5182865,3.6491365
31,13,6.2006397,4.6630335
31,14,6.168829,6.20991
31,15,5.316098,4.928424
32,0,8.749922,5.728208
32,1,4.291648,3.955708
32,2,0.003908961,0.00879641
32,3,0.00045988752,0.0028930395
32,4,0.0,0.0
32,5,0.0,0.0
32,6,0.0,0.0
32,7,2.4959059,4.261492
32,8,0.4065925,2.7767394
32,9,8.298058,4.565114
32,10,8.269142,4.360393
32,11,1.2367125,3.292845
32,12,1.3869779,3.6864064
32,13,5.5900083,4.56279
32,14,5.565522,6.0642447
32,15,4.8258486,4.82884
33,0,7.994468,5.6160264
33,1,4.002528,3.9105754
33,2,0.002988884,0.007393285
33,3,0.00035764775,0.002816021
33,4,0.0,0.0
33,5,0.0,0.0
33,6,0.0,0.0
33,7,2.3180888,4.196438
33,8,0.38586423,2.8591566
33,9,7.584819,4.496584
33,10,7.5525045,4.2887754
33,11,1.111182,3.2673588
33,12,1.246298,3.6557846
33,13,5.156333,4.4920726
33,14,5.1391916,5.9567623
33,15,4.4818773,4.754765
34,0,7.478533,5.53058
34,1,3.7910514,3.8748298
34,2,0.0014656705,0.003910982
34,3,5.2318654e-05,0.0005057372
34,4,0.0,0.0
34,5,0.0,0.0
34,6,0.0,0.0
34,7,2.1792183,4.13529
34,8,0.37291247,2.9270513
34,9,7.0895987,4.4450593
34,10,7.0690126,4.2368336
34,11,1.0265386,3.2497325
34,12,1.1624043,3.6448088
34,13,4.8537865,4.439135
34,14,4.842518,5.878498
34,15,4.235716,4.698126
35,0,7.119023,5.4686317
35,1,3.6016328,3.8394215
35,2,0.001400901,0.004023678
35,3,5.4495267e-05,0.0006335413
35,4,0.0,0.0
35,5,0.0,0.0
35,6,0.0,0.0
35,7,2.0288014,4.052323
35,8,0.3647331,2.9767914
35,9,6.742166,4.406733
35,10,6.7264767,4.1987677
35,11,0.9741619,3.247819
35,12,1.1071763,3.637702
35,13,4.623246,4.395101
35,14,4.613325,5.812949
35,15,4.0348682,4.6480284
36,0,6.8415623,5.4184003
36,1,3.4509978,3.810076
36,2,0.0009722625,0.0029743328
36,3,3.892658e-05,0.0005385038
36,4,0.0,0.0
36,5,0.0,0.0
36,6,0.0,0.0
36,7,1.9061923,3.9819317
36,8,0.35981077,3.0144238
36,9,6.4731994,4.375373
36,10,6.4619966,4.1689105
36,11,0.9387115,3.2502408
36,12,1.0693525,3.637568
36,13,4.4382906,4.3561363
36,14,4.4311543,5.7547016
36,15,3.8746724,4.6066666
37,0,7.0588007,5.4834957
37,1,3.5862026,3.8287199
37,2,-0.0018236343,-0.0052571204
37,3,-7.33806e-05,-0.0008675867
37,4,0.0,0.0
37,5,0.0,0.0
37,6,0.0,0.0
37,7,1.9889414,4.026535
37,8,0.42585725,3.2055035
37,9,6.652442,4.4023848
37,10,6.678274,4.1999755
37,11,0.9879186,3.2773094
37,12,1.1215601,3.6636724
37,13,4.605144,4.3931084
37,14,4.6214733,5.813944
37,15,4.0431423,4.6445575
38,0,7.605631,5.585282
38,1,3.7967868,3.8623595
38,2,-0.0018700982,-0.0049618236
38,3,-6.450142e-05,-0.0006176118
38,4,0.0,0.0
38,5,0.0,0.0
38,6,0.0,0.0
38,7,2.1029205,4.0804296
38,8,0.45351255,3.1831124
38,9,7.170437,4.462249
38,10,7.194161,4.260623
38,11,1.081522,3.3019967
38,12,1.2172148,3.690406
38,13,4.9267173,4.451481
38,14,4.9406433,5.9030304
38,15,4.3080997,4.7072887
39,0,8.04706,5.6586366
39,1,3.985921,3.8943987
39,2,-0.002201658,-0.005457437
39,3,-0.00021546714,-0.0017167875
39,4,0.0,0.0
39,5,0.0,0.0
39,6,0.0,0.0
39,7,2.2314003,4.145079
39,8,0.46645924,3.1298554
39,9,7.5960736,4.5075865
39,10,7.614493,4.305027
39,11,1.1535517,3.312679
39,12,1.2922473,3.699811
39,13,5.193492,4.4983625
39,14,5.204873,5.971802
39,15,4.5248017,4.7561474
40,0,8.408047,5.71133
40,1,4.1698046,3.9261677
40,2,-0.0016647194,-0.0038817893
40,3,-0.00019726518,-0.0013511081
40,4,0.0,0.0
40,5,0.0,0.0
40,6,0.0,0.0
40,7,2.3779125,4.2102346
40,8,0.47466922,3.0775824
40,9,7.945852,4.5429516
40,10,7.9591417,4.3367057
40,11,1.203213,3.307527
40,12,1.3449,3.6928887
40,13,5.428504,4.540717
40,14,5.4364414,6.03106
40,15,4.7251463,4.8017035
41,0,8.647039,5.7449865
41,1,4.2844715,3.9453337
41,2,-0.0010475889,-0.0023563644
41,3,-0.00012455462,-0.0007845072
41,4,0.0,0.0
41,5,0.0,0.0
41,6,0.0,0.0
41,7,2.4678564,4.2484455
41,8,0.47966343,3.0416095
41,9,8.175946,4.565093
41,10,8.185408,4.3570733
41,11,1.2366035,3.305585
41,12,1.3802602,3.6876075
41,13,5.5812306,4.5674424
41,14,5.5870585,6.0687704
41,15,4.852893,4.829904
42,0,8.8099785,5.7671895
42,1,4.360002,3.9577518
42,2,-0.00069700414,-0.0015322276
42,3,-8.256488e-05,-0.0004940562
42,4,0.0,0.0
42,5,0.0,0.0
42,6,0.0,0.0
42,7,2.5272954,4.27296
42,8,0.48241153,3.0152342
42,9,8.333551,4.579832
42,10,8.340078,4.3708363
42,11,1.2604929,3.305382
42,12,1.4042276,3.6837645
42,13,5.684066,4.5849915
42,14,5.6879764,6.093644
42,15,4.937168,4.848115
43,0,9.657557,5.9124126
43,1,4.8255396,4.0152235
43,2,-0.0061166855,-0.011729283
43,3,-0.00072209234,-0.003281076
43,4,0.0,0.0
43,5,0.0,0.0
43,6,0.0,0.0
43,7,2.8869886,4.4169493
43,8,0.6012989,3.1742005
43,9,9.112131,4.6514425
43,10,9.173536,4.4469147
43,11,1.4128544,3.3188214
43,12,1.5605345,3.6857371
43,13,6.286357,4.687332
43,14,6.3264103,6.2466645
43,15,5.4986715,4.959258
44,0,10.870746,6.068101
44,1,5.294869,4.069336
44,2,-0.004525668,-0.007720367
44,3,-0.00050351827,-0.0018131003
44,4,0.0,0.0
44,5,0.0,0.0
44,6,0.0,0.0
44,7,3.179094,4.5091743
44,8,0.64871156,3.0564036
44,9,10.265686,4.7318907
44,10,10.320564,4.5342493
44,11,1.6153218,3.3280854
44,12,1.7678193,3.6756833
44,13,7.009519,4.776739
44,14,7.042703,6.400955
44,15,6.065093,5.057435
45,0,11.782385,6.180004
45,1,5.5952153,4.097253
45,2,-0.0026343719,-0.0041976017
45,3,-0.0002921658,-0.00092797907
45,4,0.0,0.0
45,5,0.0,0.0
45,6,0.0,0.0
45,7,3.382973,4.571407
45,8,0.66838634,2.9591885
45,9,11.142273,4.7868648
45,10,11.18532,4.5931835
45,11,1.776744,3.3463774
45,12,1.936042,3.6784158
45,13,7.5217977,4.8312483
45,14,7.543522,6.5003557
45,15,6.463955,5.120886
46,0,12.410294,6.256274
46,1,5.8037014,4.115366
46,2,-0.002446945,-0.0037290729
46,3,-0.00044175898,-0.0012903352
46,4,0.0,0.0
46,5,0.0,0.0
46,6,0.0,0.0
46,7,3.550487,4.6260777
46,8,0.68014616,2.9080634
46,9,11.751289,4.8249254
46,10,11.777229,4.631178
46,11,1.88556,3.3570516
46,12,2.0425413,3.6733153
46,13,7.877668,4.868405
46,14,7.893676,6.56285
46,15,6.7454753,5.1628666
47,0,12.85318,6.3089094
47,1,5.9491224,4.128431
47,2,-0.0016990202,-0.0025136617
47,3,-0.0003064011,-0.0008475096
47,4,0.0,0.0
47,5,0.0,0.0
47,6,0.0,0.0
47,7,3.6709309,4.664937
47,8,0.68740034,2.8775446
47,9,12.181984,4.848856
47,10,12.194888,4.6561875
47,11,1.9630939,3.3651388
47,12,2.1218276,3.6707993
47,13,8.129536,4.893565
47,14,8.1401825,6.6043983
47,15,6.9387507,5.190859
48,0,13.153415,6.3440332
48,1,6.042404,4.1369014
48,2,-0.0009514761,-0.0013819811
48,3,-0.00017156248,-0.00045894412
48,4,0.0,0.0
48,5,0.0,0.0
48,6,0.0,0.0
48,7,3.7479393,4.6880264
48,8,0.6916525,2.858774
48,9,12.473425,4.863904
48,10,12.477545,4.672274
48,11,2.015287,3.371132
48,12,2.1743762,3.6699648
48,13,8.295064,4.9091473
48,14,8.301014,6.6309614
48,15,7.0623693,5.2081366
49,0,12.470018,6.240619
49,1,5.6530504,4.108671
49,2,0.0068154796,0.010747627
49,3,0.00074125646,0.00230022
49,4,0.0,0.0
49,5,0.0,0.0
49,6,0.0,0.0
49,7,3.4053655,4.5690837
49,8,0.556968,2.6796622
49,9,11.864924,4.8240943
49,10,11.796101,4.626603
49,11,1.8891919,3.363314
49,12,2.0469117,3.6782565
49,13,7.766918,4.842819
49,14,7.7210884,6.5317984
49,15,6.5415964,5.1329165
50,0,11.1775,6.067277
50,1,5.22226,4.0722055
50,2,0.0041932194,0.007298595
50,3,0.00046530034,0.0017308294
50,4,0.0,0.0
50,5,0.0,0.0
50,6,0.0,0.0
50,7,3.1175928,4.482113
50,8,0.5051721,2.6872957
50,9,10.627578,4.7411575
50,10,10.569818,4.5473204
50,11,1.6767974,3.35751
50,12,1.833241,3.7010198
50,13,6.990734,4.754072
50,14,6.9567842,6.3828316
50,15,5.9461308,5.040889
51,0,10.213884,5.935576
51,1,4.903581,4.0378475
51,2,0.0030399533,0.0057309126
51,3,0.0003579571,0.0015560065
51,4,0.0,0.0
51,5,0.0,0.0
51,6,0.0,0.0
51,7,2.9248,4.4218802
51,8,0.4798465,2.744502
51,9,9.702997,4.677166
51,10,9.660556,4.4787855
51,11,1.4944844,3.3293152
51,12,1.6345472,3.6806295
51,13,6.4682446,4.6958914
51,14,6.4461765,6.2742996
51,15,5.5501814,4.973366
52,0,9.543545,5.8478603
52,1,4.638274,4.004013
52,2,0.0025822653,0.00523366
52,3,0.00030742656,0.001557023
52,4,0.0,0.0
52,5,0.0,0.0
52,6,0.0,0.0
52,7,2.7529664,4.3628917
52,8,0.46372944,2.8068938
52,9,9.062851,4.6310453
52,10,9.018203,4.425085
52,11,1.3732398,3.3126438
52,12,1.5155418,3.6715133
52,13,6.085952,4.6451864
52,14,6.0687995,6.1856246
52,15,5.235073,4.9111733
53,0,9.080511,5.7895727
53,1,4.4508476,3.9774783
53,2,0.001766264,0.003781888
53,3,0.00020863609,0.0011806566
53,4,0.0,0.0
53,5,0.0,0.0
53,6,0.0,0.0
53,7,2.6258676,4.3166223
53,8,0.45401758,2.869859
53,9,8.6219845,4.5995765
53,10,8.5876465,4.3900075
53,11,1.2995322,3.31065
53,12,1.411351,3.651559
53,13,5.8149185,4.6031356
53,14,5.8023195,6.1212597
53,15,5.015998,4.865978
54,0,8.777922,5.7490687
54,1,4.3234334,3.9572296
54,2,0.0011265486,0.0025075744
54,3,0.00013341155,0.0008192198
54,4,0.0,0.0
54,5,0.0,0.0
54,6,0.0,0.0
54,7,2.5336146,4.2807617
54,8,0.44881368,2.9156687
54,9,8.3087,4.5717688
54,10,8.314213,4.369975
54,11,1.2642653,3.3166046
54,12,1.4253235,3.7140803
54,13,5.627755,4.5703053
54,14,5.622549,6.0774155
54,15,4.8705945,4.83537
55,0,8.218153,5.647934
55,1,4.0395503,3.9156518
55,2,0.0036531636,0.00892208
55,3,0.00043311296,0.0033029732
55,4,0.0,0.0
55,5,0.0,0.0
55,6,0.0,0.0
55,7,2.3235173,4.194022
55,8,0.38708615,2.8154373
55,9,7.802119,4.518244
55,10,7.76027,4.31205
55,11,1.1605544,3.2949967
55,12,1.2856724,3.6692882
55,13,5.2529144,4.504593
55,14,5.2299633,5.9791584
55,15,4.535122,4.76446
56,0,7.528263,5.5326853
56,1,3.7812278,3.8736768
56,2,0.0019599684,0.0052506183
56,3,6.5564156e-05,0.0006411592
56,4,0.0,0.0
56,5,0.0,0.0
56,6,0.0,0.0
56,7,2.1656194,4.1268597
56,8,0.360928,2.8685603
56,9,7.145583,4.4494677
56,10,7.1193156,4.245223
56,11,1.0485718,3.2742019
56,12,1.1850908,3.6665964
56,13,4.8534727,4.4350667
56,14,4.840065,5.8774242
56,15,4.223542,4.6946607
57,0,7.052931,5.450412
57,1,3.58467,3.8378553
57,2,0.0013256569,0.0038351356
57,3,5.5496555e-05,0.000657513
57,4,0.0,0.0
57,5,0.0,0.0
57,6,0.0,0.0
57,7,2.0319865,4.0574265
57,8,0.34938574,2.932045
57,9,6.6888103,4.399473
57,10,6.669776,4.192077
57,11,0.96574724,3.2476559
57,12,1.0982151,3.637124
57,13,4.580557,4.3859954
57,14,4.5700984,5.7998075
57,15,4.005673,4.642166
58,0,6.72443,5.389326
58,1,3.4397445,3.8102188
58,2,0.0010371557,0.0031900918
58,3,4.1508778e-05,0.0005834323
58,4,0.0,0.0
58,5,0.0,0.0
58,6,0.0,0.0
58,7,1.9288085,4.000941
58,8,0.3424227,2.9700754
58,9,6.371974,4.3620715
58,10,6.3588514,4.152698
58,11,0.90778404,3.2219005
58,12,1.0365088,3.6113691
58,13,4.3969946,4.3504744
58,14,4.389524,5.7416706
58,15,3.8481574,4.6012883
59,0,6.4916964,5.3443985
59,1,3.3309836,3.7894747
59,2,0.000750152,0.002420438
59,3,3.0063722e-05,0.00049195567
59,4,0.0,0.0
59,5,0.0,0.0
59,6,0.0,0.0
59,7,1.8522342,3.9581692
59,8,0.3380386,2.997097
59,9,6.1466184,4.3341355
59,10,6.1369944,4.124569
59,11,0.87072384,3.2101495
59,12,0.9987464,3.6008275
59,13,4.254603,4.3197155
59,14,4.248926,5.6949806
59,15,3.7268684,4.5678854
60,0,6.326001,5.3116474
60,1,3.2581773,3.7757473
60,2,0.00045500632,0.0015150768
60,3,1.8090097e-05,0.00033284366
60,4,0.0,0.0
60,5,0.0,0.0
60,6,0.0,0.0
60,7,1.8049612,3.9325123
60,8,0.3354946,3.0176775
60,9,5.985832,4.3134356
60,10,5.979225,4.104018
60,11,0.8452308,3.2029936
60,12,0.9734257,3.5950918
60,13,4.151715,4.296879
60,14,4.1478863,5.6609106
60,15,3.6419408,4.544321
61,0,7.145072,5.523128
61,1,3.747313,3.851666
61,2,-0.00602684,-0.01626788
61,3,-0.00021978492,-0.0022318983
61,4,0.0,0.0
61,5,0.0,0.0
61,6,0.0,0.0
61,7,2.1302848,4.109288
61,8,0.4954762,3.3910756
61,9,6.7027283,4.4133797
61,10,6.773607,4.212434
61,11,1.0000409,3.2695484
61,12,1.134639,3.6579018
61,13,4.740017,4.427821
61,14,4.788311,5.863369
61,15,4.235712,4.6918936
62,0,8.6786175,5.7802873
62,1,4.429709,3.960113
62,2,-0.006076611,-0.013041529
62,3,-0.00071815914,-0.004129776
62,4,0.0,0.0
62,5,0.0,0.0
62,6,0.0,0.0
62,7,2.5860615,4.3009233
62,8,0.5629573,3.276234
62,9,8.1839485,4.576722
62,10,8.257394,4.3641906
62,11,1.2339664,3.2789774
62,12,1.3783989,3.6633244
62,13,5.739626,4.6070204
62,14,5.778862,6.116238
62,15,5.0462117,4.8687935
63,0,9.886177,5.934064
63,1,4.901373,4.0255184
63,2,-0.0042094174,-0.007914744
63,3,-0.0004979491,-0.0021662225
63,4,0.0,0.0
63,5,0.0,0.0
63,6,0.0,0.0
63,7,2.909506,4.417895
63,8,0.593355,3.1046205
63,9,9.33592,4.6657114
63,10,9.383604,4.4601917
63,11,1.4351176,3.303516
63,12,1.5844798,3.6697147
63,13,6.429847,4.7073545
63,14,6.4579525,6.2769327
63,15,5.5923147,4.9763937
64,0,10.72098,6.0392466
64,1,5.236039,4.065378
64,2,-0.0032978344,-0.0057076286
64,3,-0.00036633614,-0.0013533899
64,4,0.0,0.0
64,5,0.0,0.0
64,6,0.0,0.0
64,7,3.1374817,4.4948854
64,8,0.61246777,2.9948623
64,9,10.136265,4.7197976
64,10,10.173708,4.520936
64,11,1.5798442,3.3183107
64,12,1.7297599,3.6681468
64,13,6.9087467,4.7636967
64,14,6.9301653,6.3786383
64,15,5.9831114,5.046047
65,0,11.30854,6.112232
65,1,5.4856334,4.0926948
65,2,-0.0024178908,-0.0039514964
65,3,-0.00026883665,-0.000893172
65,4,0.0,0.0
65,5,0.0,0.0
65,6,0.0,0.0
65,7,3.321375,4.555643
65,8,0.6229535,2.927003
65,9,10.701554,4.7556725
65,10,10.735129,4.558834
65,11,1.6777864,3.3214574
65,12,1.8364565,3.664297
65,13,7.269289,4.806349
65,14,7.2870426,6.451809
65,15,6.284272,5.09803
66,0,11.725973,6.1639214
66,1,5.6505136,4.109412
66,2,-0.0014111163,-0.00222472
66,3,-0.0001569104,-0.00048781492
66,4,0.0,0.0
66,5,0.0,0.0
66,6,0.0,0.0
66,7,3.4530392,4.5988264
66,8,0.6296457,2.8863876
66,9,11.097725,4.77967
66,10,11.143753,4.5861425
66,11,1.7481503,3.325612
66,12,1.9101846,3.6618433
66,13,7.529769,4.835334
66,14,7.544142,6.5021896
66,15,6.4925575,5.1306105
67,0,11.55571,6.128867
67,1,5.507079,4.0988564
67,2,0.0024807598,0.0040402417
67,3,0.00027704393,0.000912605
67,4,0.0,0.0
67,5,0.0,0.0
67,6,0.0,0.0
67,7,3.329434,4.553578
67,8,0.5627506,2.7700436
67,9,10.9632225,4.7667203
67,10,10.965304,4.570688
67,11,1.690095,3.3092945
67,12,1.8349378,3.638732
67,13,7.3675613,4.8106456
67,14,7.349683,6.464015
67,15,6.307329,5.103151
68,0,11.03669,6.0576487
68,1,5.3178697,4.0821977
68,2,0.001977918,0.0033648654
68,3,0.00021712645,0.0007740135
68,4,0.0,0.0
68,5,0.0,0.0
68,6,0.0,0.0
68,7,3.2106895,4.519285
68,8,0.5382834,2.775628
68,9,10.460839,4.7309446
68,10,10.478342,4.540224
68,11,1.6289527,3.3226295
68,12,1.7818298,3.6734898
68,13,7.042098,4.77107
68,14,7.0305157,6.3997784
68,15,6.0526366,5.0619116
69,0,10.620438,6.000315
69,1,5.170931,4.0669637
69,2,0.001490391,0.0026259087
69,3,0.00016566638,0.0006306036
69,4,0.0,0.0
69,5,0.0,0.0
69,6,0.0,0.0
69,7,3.1241357,4.494134
69,8,0.52551705,2.7991128
69,9,10.079288,4.706694
69,10,10.057713,4.504946
69,11,1.5398803,3.2960026
69,12,1.734303,3.6811175
69,13,6.806427,4.7484703
69,14,6.7979174,6.351898
69,15,5.868703,5.031007
70,0,10.318816,5.960943
70,1,5.054572,4.053737
70,2,0.0010801074,0.00195818
70,3,0.00013183175,0.00053021446
70,4,0.0,0.0
70,5,0.0,0.0
70,6,0.0,0.0
70,7,3.0508733,4.470927
70,8,0.5174349,2.8249347
70,9,9.788948,4.687298
70,10,9.787479,4.4862366
70,11,1.4900925,3.2977843
70,12,1.6038878,3.6321378
70,13,6.639181,4.727238
70,14,6.631027,6.3162127
70,15,5.7297544,5.0063663
71,0,10.120297,5.9328585
71,1,4.972721,4.0443125
71,2,0.00078331376,0.0014497724
71,3,9.238687e-05,0.00038701724
71,4,0.0,0.0
71,5,0.0,0.0
71,6,0.0,0.0
71,7,2.9984665,4.4538865
71,8,0.5123394,2.8416214
71,9,9.615868,4.6769695
71,10,9.575318,4.4655046
71,11,1.4419284,3.282603
71,12,1.5831349,3.6286054
71,13,6.5218477,4.7164216
71,14,6.513836,6.290282
71,15,5.6316786,4.98866
72,0,9.982758,5.914096
72,1,4.914024,4.037128
72,2,0.0004939961,0.00092815066
72,3,5.8511963e-05,0.00025262017
72,4,0.0,0.0
72,5,0.0,0.0
72,6,0.0,0.0
72,7,2.9580016,4.4400826
72,8,0.51009756,2.8578968
72,9,9.466492,4.6636777
72,10,9.455032,4.4592266
72,11,1.4332403,3.2881243
72,12,1.626981,3.688531
72,13,6.4319773,4.702688
72,14,6.430096,6.2713327
72,15,5.5634108,4.976259
73,0,10.546879,6.0192738
73,1,5.244216,4.0691404
73,2,-0.005225036,-0.009029559
73,3,-0.00057985104,-0.0021410007
73,4,0.0,0.0
73,5,0.0,0.0
73,6,0.0,0.0
73,7,3.216208,4.536229
73,8,0.61542535,3.0320234
73,9,9.957403,4.7073035
73,10,10.038055,4.513555
73,11,1.5580878,3.3169434
73,12,1.7025912,3.6752434
73,13,6.846511,4.7579713
73,14,6.8826733,6.369488
73,15,5.966093,5.0448256
74,0,11.5278425,6.146249
74,1,5.6205873,4.106855
74,2,-0.003591752,-0.005698279
74,3,-0.00039893851,-0.001257846
74,4,0.0,0.0
74,5,0.0,0.0
74,6,0.0,0.0
74,7,3.4479485,4.6016827
74,8,0.6558304,2.9663002
74,9,10.88853,4.768089
74,10,10.97142,4.578066
74,11,1.7430776,3.3402367
74,12,1.9122994,3.6858354
74,13,7.441326,4.8278484
74,14,7.475192,6.488697
74,15,6.44179,5.1221952
75,0,12.289337,6.240495
75,1,5.850625,4.124709
75,2,-0.002583789,-0.0039030567
75,3,-0.00046591915,-0.0013392481
75,4,0.0,0.0
75,5,0.0,0.0
75,6,0.0,0.0
75,7,3.6118755,4.650313
75,8,0.67247,2.9066045
75,9,11.622646,4.8145256
75,10,11.6932125,4.625595
75,11,1.8568006,3.3419845
75,12,2.0265613,3.6752381
75,13,7.8679833,4.870986
75,14,7.8901424,6.563505
75,15,6.769314,5.1701655
76,0,12.804441,6.302614
76,1,6.0146866,4.1379604
76,2,-0.0020692695,-0.003023538
76,3,-0.00037316926,-0.0010097824
76,4,0.0,0.0
76,5,0.0,0.0
76,6,0.0,0.0
76,7,3.7440987,4.6910944
76,8,0.68212885,2.8732538
76,9,12.135875,4.846169
76,10,12.168939,4.652935
76,11,1.9320889,3.3431568
76,12,2.0762262,3.6444185
76,13,8.163786,4.9019327
76,14,8.177398,6.6118927
76,15,6.996154,5.202565
77,0,13.178085,6.3464823
77,1,6.1393547,4.1489267
77,2,-0.0014083365,-0.0020084816
77,3,-0.00025397533,-0.000658167
77,4,0.0,0.0
77,5,0.0,0.0
77,6,0.0,0.0
77,7,3.8476267,4.719625
77,8,0.68819106,2.8513746
77,9,12.506487,4.8665056
77,10,12.516139,4.6713285
77,11,1.9931278,3.3483639
77,12,2.1189382,3.6259744
77,13,8.381116,4.9242845
77,14,8.388359,6.6466026
77,15,7.1617894,5.225403
78,0,13.431196,6.3758025
78,1,6.2212763,4.156351
78,2,-0.00089828775,-0.0012613365
78,3,-0.00016202527,-0.0004085726
78,4,0.0,0.0
78,5,0.0,0.0
78,6,0.0,0.0
78,7,3.9169135,4.7385106
78,8,0.6915916,2.8371782
78,9,12.762018,4.880942
78,10,12.745354,4.6826663
78,11,2.028645,3.3497574
78,12,2.1438603,3.609843
78,13,8.525361,4.9393806
78,14,8.5266485,6.668971
78,15,7.2690325,5.239788
79,0,13.094803,6.324504
79,1,6.0151153,4.142582
79,2,0.003607752,0.005278188
79,3,0.00065050455,0.0017613021
79,4,0.0,0.0
79,5,0.0,0.0
79,6,0.0,0.0
79,7,3.7343435,4.683792
79,8,0.6154854,2.73673
79,9,12.469727,4.8621054
79,10,12.394777,4.65808
79,11,1.9621842,3.3422556
79,12,2.1016219,3.6207051
79,13,8.247122,4.905492
79,14,8.216822,6.6176295
79,15,6.989358,5.201787
80,0,12.378088,6.233457
80,1,5.7951684,4.127448
80,2,0.002614423,0.0040025464
80,3,0.00047924963,0.0014085815
80,4,0.0,0.0
80,5,0.0,0.0
80,6,0.0,0.0
80,7,3.5761824,4.6380076
80,8,0.58596873,2.7375185
80,9,11.772955,4.821004
80,10,11.723242,4.6196723
80,11,1.8574696,3.3397236
80,12,2.030929,3.6636305
80,13,7.815008,4.859333
80,14,7.795311,6.5469184
80,15,6.665577,5.156869
81,0,11.818704,6.162201
81,1,5.639373,4.1151047
81,2,0.0015685159,0.0024827074
81,3,0.00016436138,0.0005141317
81,4,0.0,0.0
81,5,0.0,0.0
81,6,0.0,0.0
81,7,3.466154,4.6052175
81,8,0.5728345,2.7617526
81,9,11.220727,4.7836623
81,10,11.209795,4.587452
81,11,1.770939,3.3350182
81,12,1.9396307,3.6729455
81,13,7.5122614,4.8273335
81,14,7.5020328,6.494222
81,15,6.446288,5.12599
82,0,11.4366255,6.1131964
82,1,5.5162725,4.1037345
82,2,0.0012631771,0.0020542636
82,3,0.00014015312,0.00046048575
82,4,0.0,0.0
82,5,0.0,0.0
82,6,0.0,0.0
82,7,3.3771303,4.577531
82,8,0.5640836,2.7838144
82,9,10.840864,4.757355
82,10,10.866035,4.566506
82,11,1.7096553,3.33328
82,12,1.8727293,3.6775904
82,13,7.3061357,4.8041897
82,14,7.301767,6.4550133
82,15,6.285259,5.101445
83,0,11.178222,6.07896
83,1,5.4174795,4.0932493
83,2,0.0009780653,0.0016261847
83,3,0.00010837379,0.00037048646
83,4,0.0,0.0
83,5,0.0,0.0
83,6,0.0,0.0
83,7,3.305923,4.555085
83,8,0.55815125,2.8002446
83,9,10.59625,4.741465
83,10,10.612501,4.548278
83,11,1.6674869,3.32754
83,12,1.8450868,3.6886315
83,13,7.155871,4.788827
83,14,7.153982,6.4252357
83,15,6.1650333,5.081334
84,0,11.000654,6.055406
84,1,5.3504915,4.08585
84,2,0.0006075805,0.0010257416
84,3,6.756508e-05,0.00023748864
84,4,0.0,0.0
84,5,0.0,0.0
84,6,0.0,0.0
84,7,3.259802,4.5408964
84,8,0.55368525,2.8126621
84,9,10.449558,4.735118
84,10,10.418198,4.529704
84,11,1.6052749,3.2988298
84,12,1.7790298,3.6553378
84,13,7.0590563,4.782131
84,14,7.054429,6.4049807
84,15,6.0847015,5.067698
85,0,10.882326,6.0414124
85,1,5.3074064,4.080946
85,2,0.00038193396,0.00065123924
85,3,4.2501302e-05,0.00015214799
85,4,0.0,0.0
85,5,0.0,0.0
85,6,0.0,0.0
85,7,3.22933,4.5312576
85,8,0.55181915,2.8263273
85,9,10.3421135,4.7298484
85,10,10.307829,4.5211763
85,11,1.5669783,3.288687
85,12,1.6854048,3.604015
85,13,6.9984846,4.7754965
85,14,6.9914618,6.3920755
85,15,6.033842,5.0589614
86,0,10.808975,6.0325775
86,1,5.2815676,4.0779285
86,2,0.000221329,0.00037966415
86,3,2.4492414e-05,8.8659996e-05
86,4,0.0,0.0
86,5,0.0,0.0
86,6,0.0,0.0
86,7,3.2106369,4.5252547
86,8,0.55146354,2.8362775
86,9,10.244574,4.719821
86,10,10.268229,4.5240498
86,11,1.5798622,3.3054426
86,12,1.7143929,3.6490831
86,13,6.9538145,4.766098
86,14,6.953453,6.3842735
86,15,6.0036473,5.053775
87,0,10.767677,6.0260134
87,1,5.2666554,4.0761743
87,2,0.00012997047,0.0002237272
87,3,1.4452066e-05,5.2654905e-05
87,4,0.0,0.0
87,5,0.0,0.0
87,6,0.0,0.0
87,7,3.1998134,4.5217633
87,8,0.5510266,2.83921
87,9,10.208298,4.717198
87,10,10.215225,4.51822
87,11,1.5709163,3.2982316
87,12,1.7657121,3.6830158
87,13,6.929314,4.7654767
87,14,6.9311833,6.379707
87,15,5.98628,5.0508137
88,0,10.737486,6.0226693
88,1,5.2576423,4.075111
88,2,8.1340004e-05,0.00014031239
88,3,9.044531e-06,3.3083055e-05
88,4,0.0,0.0
88,5,0.0,0.0
88,6,0.0,0.0
88,7,3.1931915,4.5196033
88,8,0.55037236,2.8430376
88,9,10.201626,4.7204247
88,10,10.169113,4.510483
88,11,1.5423836,3.2850962
88,12,1.6712563,3.608476
88,13,6.921917,4.7679286
88,14,6.917652,6.376935
88,15,5.975828,5.0490437
89,0,10.719242,6.021149
89,1,5.251805,4.0744114
89,2,5.4636945e-05,9.437825e-05
89,3,6.0753773e-06,2.227928e-05
89,4,0.0,0.0
89,5,0.0,0.0
89,6,0.0,0.0
89,7,3.1888144,4.518106
89,8,0.55079377,2.8474166
89,9,10.157013,4.7139654
89,10,10.183329,4.51756
89,11,1.5632685,3.3016243
89,12,1.6998707,3.6493454
89,13,6.9079204,4.76155
89,14,6.909028,6.375164
89,15,5.9690995,5.0478964
90,0,10.711573,6.0187635
90,1,5.2477427,4.0739207
90,2,3.932214e-05,6.7988614e-05
90,3,4.372459e-06,1.6062986e-05
90,4,0.0,0.0
90,5,0.0,0.0
90,6,0.0,0.0
90,7,3.185684,4.5170155
90,8,0.550599,2.8460271
90,9,10.160002,4.71486
90,10,10.154562,4.51211
90,11,1.5521891,3.2900715
90,12,1.7444444,3.6708217
90,13,6.901925,4.763921
90,14,6.903196,6.3739614
90,15,5.964456,5.047096
91,0,12.409939,6.284026
91,1,6.1425424,4.148774
91,2,-0.014344484,-0.020419398
91,3,-0.0025930929,-0.0067641344
91,4,0.0,0.0
91,5,0.0,0.0
91,6,0.0,0.0
91,7,3.918012,4.756542
91,8,0.8126432,3.1574671
91,9,11.719307,4.835678
91,10,11.814127,4.633321
91,11,1.8694687,3.3234966
91,12,2.0607831,3.654335
91,13,8.114897,4.9187117
91,14,8.207005,6.618886
91,15,7.111889,5.2215366
92,0,15.064379,6.5801544
92,1,6.988923,4.202739
92,2,-0.010494283,-0.012851756
92,3,-0.002078204,-0.00417455
92,4,0.0,0.0
92,5,0.0,0.0
92,6,0.0,0.0
92,7,4.56485,4.909196
92,8,0.9055418,3.0332553
92,9,14.234897,4.9592733
92,10,14.36558,4.7828217
92,11,2.3498797,3.3866491
92,12,2.5312157,3.6555357
92,13,9.665522,5.0571184
92,14,9.74142,6.859294
92,15,8.32067,5.371599
93,0,17.139236,6.7857757
93,1,7.5490437,4.234324
93,2,-0.007814009,-0.008783573
93,3,-0.0017385215,-0.003024357
93,4,0.0,0.0
93,5,0.0,0.0
93,6,0.0,0.0
93,7,5.0102797,5.0028534
93,8,0.94886106,2.9727457
93,9,16.299717,5.0599895
93,10,16.25935,4.8690357
93,11,2.6964407,3.4289846
93,12,2.8888102,3.624706
93,13,10.754351,5.14129
93,14,10.7888775,7.0077496
93,15,9.110222,5.457406
94,0,18.632439,6.9314227
94,1,7.991103,4.266109
94,2,-0.0074755386,-0.007927759
94,3,-0.0016563371,-0.0026150043
94,4,0.0,0.0
94,5,0.0,0.0
94,6,0.0,0.0
94,7,5.391611,5.0846767
94,8,0.98058164,2.95043
94,9,17.724562,5.11429
94,10,17.688534,4.9391556
94,11,3.030438,3.494931
94,12,3.350834,3.718371
94,13,11.495422,5.1863284
94,14,11.531906,7.0967536
94,15,9.66597,5.5114746
95,0,19.69807,7.032489
95,1,8.40786,4.305318
95,2,-0.004111316,-0.0041513597
95,3,-0.00090801436,-0.0013195868
95,4,0.0,0.0
95,5,0.0,0.0
95,6,0.0,0.0
95,7,5.756667,5.150596
95,8,1.0005534,2.941864
95,9,18.70303,5.147538
95,10,18.78492,4.9958477
95,11,3.269383,3.5434623
95,12,3.5458083,3.7373173
95,13,12.085687,5.2183685
95,14,12.129604,7.1624985
95,15,10.123434,5.5587144
96,0,20.352455,7.092967
96,1,8.579317,4.323246
96,2,-0.0019257474,-0.0019073269
96,3,-0.00042604608,-0.00059961376
96,4,0.0,0.0
96,5,0.0,0.0
96,6,0.0,0.0
96,7,5.907614,5.1762314
96,8,1.002841,2.930278
96,9,19.393913,5.1826444
96,10,19.311062,5.008277
96,11,3.386891,3.573208
96,12,3.5331025,3.6731658
96,13,12.400024,5.2488937
96,14,12.400615,7.1899605
96,15,10.29756,5.57358
97,0,19.130478,6.9633055
97,1,7.7118683,4.2568274
97,2,0.015768906,0.01737637
97,3,0.003509749,0.005894684
97,4,0.0,0.0
97,5,0.0,0.0
97,6,0.0,0.0
97,7,5.0921087,4.9967556
97,8,0.76570284,2.7177281
97,9,18.23202,5.124446
97,10,18.148731,4.957835
97,11,3.1737742,3.5420809
97,12,3.4118483,3.744348
97,13,11.408901,5.141072
97,14,11.322209,7.0667315
97,15,9.324261,5.4705477
98,0,16.600317,6.7068787
98,1,6.982444,4.215164
98,2,0.008520245,0.010481984
98,3,0.0016073618,0.0032357797
98,4,0.0,0.0
98,5,0.0,0.0
98,6,0.0,0.0
98,7,4.536558,4.8870745
98,8,0.6753469,2.6694756
98,9,15.798416,5.020438
98,10,15.774475,4.8530807
98,11,2.735889,3.4962306
98,12,2.9316719,3.751034
98,13,10.0058975,5.0282073
98,14,9.953003,6.8847055
98,15,8.304518,5.3640213
99,0,14.710045,6.508778
99,1,6.5001163,4.188555
99,2,0.0059892186,0.008003703
99,3,0.0010686617,0.0024767062
99,4,0.0,0.0
99,5,0.0,0.0
99,6,0.0,0.0
99,7,4.1605363,4.8008547
99,8,0.6326965,2.6772356
99,9,14.036974,4.9432716
99,10,13.913301,4.747606
99,11,2.2854214,3.409426
99,12,2.4675488,3.6706285
99,13,9.057709,4.971936
99,14,9.008985,6.744135
99,15,7.5979586,5.282872
100,0,13.425033,6.362582
100,1,6.154432,4.1632204
100,2,0.0042288713,0.006030282
100,3,0.0007676578,0.001986877
100,4,0.0,0.0
100,5,0.0,0.0
100,6,0.0,0.0
100,7,3.8888493,4.7331686
100,8,0.60782003,2.7037883
100,9,12.763807,4.8729258
100,10,12.750164,4.68699
100,11,2.0689285,3.382948
100,12,2.2195377,3.679912
100,13,8.385029,4.907975
100,14,8.35948,6.6415606
100,15,7.112381,5.221884
101,0,12.590368,6.261298
101,1,5.894633,4.1404386
101,2,0.0028467306,0.004272962
101,3,0.00051436765,0.0014582523
101,4,0.0,0.0
101,5,0.0,0.0
101,6,0.0,0.0
101,7,3.6784935,4.674501
101,8,0.5910912,2.7316203
101,9,11.973931,4.8330116
101,10,11.941427,4.6357393
101,11,1.8916402,3.3464136
101,12,2.0156684,3.6376266
101,13,7.9362507,4.8690777
101,14,7.9145803,6.5675683
101,15,6.7669697,5.173337
102,0,12.052342,6.1933575
102,1,5.7396154,4.126091
102,2,0.0016061562,0.0024891426
102,3,0.00028984825,0.000871386
102,4,0.0,0.0
102,5,0.0,0.0
102,6,0.0,0.0
102,7,3.5566616,4.6366763
102,8,0.5818685,2.75835
102,9,11.461536,4.8022017
102,10,11.426639,4.6000633
102,11,1.7824626,3.319665
102,12,1.9278803,3.6356077
102,13,7.6571283,4.8447304
102,14,7.643487,6.520541
102,15,6.5624704,5.1438327
103,0,12.321157,6.2428102
103,1,5.9491262,4.1406446
103,2,-0.0039089774,-0.0057944353
103,3,-0.00070165825,-0.0019511495
103,4,0.0,0.0
103,5,0.0,0.0
103,6,0.0,0.0
103,7,3.7368681,4.698225
103,8,0.66999745,2.8973384
103,9,11.689428,4.8225756
103,10,11.701914,4.620253
103,11,1.835674,3.3210087
103,12,1.9888101,3.6311631
103,13,7.9187737,4.883478
103,14,7.942485,6.5735726
103,15,6.8410482,5.1846194
104,0,13.052612,6.333461
104,1,6.181488,4.1559105
104,2,-0.002651425,-0.0037526276
104,3,-0.00047779892,-0.001223034
104,4,0.0,0.0
104,5,0.0,0.0
104,6,0.0,0.0
104,7,3.902441,4.738721
104,8,0.7007148,2.8818083
104,9,12.380295,4.860463
104,10,12.404695,4.6636086
104,11,1.9611669,3.3316517
104,12,2.1360655,3.6401625
104,13,8.365667,4.929304
104,14,8.3861685,6.647252
104,15,7.186654,5.2315445
105,0,13.621584,6.4000306
105,1,6.332628,4.165551
105,2,-0.0018510738,-0.0025452024
105,3,-0.00033354585,-0.0008119516
105,4,0.0,0.0
105,5,0.0,0.0
105,6,0.0,0.0
105,7,4.0155754,4.7664313
105,8,0.7137076,2.8571973
105,9,12.925076,4.8878984
105,10,12.941664,4.6953583
105,11,2.0666754,3.3491015
105,12,2.263671,3.6588087
105,13,8.673231,4.956993
105,14,8.687938,6.6952963
105,15,7.411923,5.2594056
106,0,14.031019,6.448064
106,1,6.45447,4.1741867
106,2,-0.0015210878,-0.0020445134
106,3,-0.00027426015,-0.00064240996
106,4,0.0,0.0
106,5,0.0,0.0
106,6,0.0,0.0
106,7,4.114551,4.792019
106,8,0.72332513,2.8442602
106,9,13.30728,4.9062524
106,10,13.352245,4.7224035
106,11,2.1607237,3.3757164
106,12,2.320393,3.6597428
106,13,8.893479,4.973609
106,14,8.907124,6.7298303
106,15,7.5812397,5.2807817
107,0,14.326891,6.4797087
107,1,6.5445347,4.1811275
107,2,-0.0010490117,-0.001387203
107,3,-0.00018602742,-0.00042396254
107,4,0.0,0.0
107,5,0.0,0.0
107,6,0.0,0.0
107,7,4.1881576,4.810535
107,8,0.7282333,2.8319561
107,9,13.622263,4.925456
107,10,13.593603,4.7306347
107,11,2.1846056,3.3672538
107,12,2.372463,3.643168
107,13,9.060194,4.9938345
107,14,9.064298,6.7543545
107,15,7.702941,5.2962403
108,0,14.516823,6.50113
108,1,6.60491,4.1861563
108,2,-0.00067420356,-0.000882085
108,3,-0.000119559896,-0.0002676634
108,4,0.0,0.0
108,5,0.0,0.0
108,6,0.0,0.0
108,7,4.238312,4.823069
108,8,0.7315594,2.8271391
108,9,13.793669,4.9332685
108,10,13.794212,4.744265
108,11,2.233138,3.3831813
108,12,2.3509002,3.622552
108,13,9.163282,4.9994645
108,14,9.16542,6.7700233
108,15,7.7815733,5.306293
109,0,13.984362,6.4301405
109,1,6.3009987,4.1665416
109,2,0.0044590808,0.006174825
109,3,0.0008027555,0.0019753783
109,4,0.0,0.0
109,5,0.0,0.0
109,6,0.0,0.0
109,7,3.9707434,4.748322
109,8,0.63539124,2.71447
109,9,13.29582,4.9009585
109,10,13.270912,4.7135315
109,11,2.1493683,3.3762171
109,12,2.3640652,3.6926637
109,13,8.748755,4.9497933
109,14,8.719288,6.698759
109,15,7.3764114,5.2531376
110,0,13.010963,6.3122377
110,1,6.008831,4.147091
110,2,0.0033686785,0.0049388567
110,3,0.0006067275,0.0016489573
110,4,0.0,0.0
110,5,0.0,0.0
110,6,0.0,0.0
110,7,3.7538378,4.6938424
110,8,0.5969155,2.711787
110,9,12.363012,4.8511744
110,10,12.35566,4.662891
110,11,1.9847794,3.3654947
110,12,2.1390963,3.674181
110,13,8.16773,4.889041
110,14,8.144594,6.60614
110,15,6.9438124,5.1976986
111,0,12.254358,6.2178555
111,1,5.8019133,4.131716
111,2,0.002548638,0.0038988297
111,3,0.00045913603,0.0013475562
111,4,0.0,0.0
111,5,0.0,0.0
111,6,0.0,0.0
111,7,3.6009984,4.649506
111,8,0.5781824,2.7345345
111,9,11.650938,4.812821
111,10,11.625118,4.613638
111,11,1.8180892,3.3249116
111,12,1.9608521,3.637073
111,13,7.7708635,4.8552885
111,14,7.752075,6.540303
111,15,6.6478977,5.1568003
112,0,11.727755,6.1498938
112,1,5.6395845,4.1171
112,2,0.0016286449,0.0025787014
112,3,0.00017692048,0.00055376574
112,4,0.0,0.0
112,5,0.0,0.0
112,6,0.0,0.0
112,7,3.4791098,4.6116667
112,8,0.56621623,2.758195
112,9,11.158515,4.782815
112,10,11.106922,4.574564
112,11,1.7008054,3.2900748
112,12,1.8518568,3.6161134
112,13,7.493184,4.8311605
112,14,7.476904,6.4896965
112,15,6.4329123,5.1252127
113,0,11.376047,6.104068
113,1,5.5121217,4.104216
113,2,0.001233396,0.0020080234
113,3,0.00013704249,0.00045114156
113,4,0.0,0.0
113,5,0.0,0.0
113,6,0.0,0.0
113,7,3.3831143,4.581175
113,8,0.5584563,2.7787392
113,9,10.826324,4.7619305
113,10,10.767107,4.5501947
113,11,1.6371231,3.2792068
113,12,1.785114,3.609146
113,13,7.294781,4.811141
113,14,7.281056,6.4511375
113,15,6.2738695,5.1003237
114,0,11.136472,6.074084
114,1,5.420383,4.0940886
114,2,0.0008707216,0.001446888
114,3,9.69251e-05,0.00033100706
114,4,0.0,0.0
114,5,0.0,0.0
114,6,0.0,0.0
114,7,3.3159337,4.559883
114,8,0.5544448,2.799585
114,9,10.588163,4.7459574
114,10,10.554522,4.538128
114,11,1.5960265,3.280223
114,12,1.7193836,3.597954
114,13,7.1568146,4.7938933
114,14,7.1460857,6.4239297
114,15,6.1646724,5.08196
115,0,10.326379,5.9415183
115,1,4.998518,4.0522237
115,2,0.0053276587,0.00981067
115,3,0.00064557,0.0026770853
115,4,0.0,0.0
115,5,0.0,0.0
115,6,0.0,0.0
115,7,2.9938257,4.445162
115,8,0.44861156,2.6523762
115,9,9.813972,4.6798697
115,10,9.786116,4.483015
115,11,1.486089,3.2898874
115,12,1.6587712,3.678051
115,13,6.5906076,4.715037
115,14,6.556656,6.300124
115,15,5.6522255,4.99521
116,0,9.195896,5.7830706
116,1,4.5467463,3.9975824
116,2,0.004369079,0.009104662
116,3,0.00052469404,0.002812768
116,4,0.0,0.0
116,5,0.0,0.0
116,6,0.0,0.0
116,7,2.7211716,4.3569345
116,8,0.40439233,2.6820285
116,9,8.7340975,4.5970263
116,10,8.707666,4.3952503
116,11,1.3007734,3.2803721
116,12,1.4699385,3.6836698
116,13,5.9050245,4.6175017
116,14,5.879087,6.1417246
116,15,5.1000137,4.8888245
117,0,8.356134,5.6647596
117,1,4.239188,3.9521089
117,2,0.0029070391,0.006655248
117,3,0.00034459328,0.0022533715
117,4,0.0,0.0
117,5,0.0,0.0
117,6,0.0,0.0
117,7,2.5357747,4.2934732
117,8,0.38409048,2.7732334
117,9,7.946563,4.5322413
117,10,7.9069614,4.318057
117,11,1.1482382,3.2413726
117,12,1.2697567,3.6168818
117,13,5.431281,4.5454354
117,14,5.412505,6.0275326
117,15,4.730186,4.812463
118,0,7.791336,5.577967
118,1,4.0148335,3.9159954
118,2,0.0022944934,0.005655029
118,3,0.0002742818,0.0021403208
118,4,0.0,0.0
118,5,0.0,0.0
118,6,0.0,0.0
118,7,2.388122,4.237938
118,8,0.37180448,2.8500419
118,9,7.4010105,4.4771385
118,10,7.378621,4.2648773
118,11,1.0525415,3.2153141
118,12,1.1895423,3.616197
118,13,5.10713,4.490861
118,14,5.0943403,5.946351
118,15,4.4701276,4.7555113
119,0,7.3976746,5.513251
119,1,3.8391304,3.8858285
119,2,0.0014643649,0.0038407068
119,3,5.0582446e-05,0.00046546623
119,4,0.0,0.0
119,5,0.0,0.0
119,6,0.0,0.0
119,7,2.2608933,4.1850214
119,8,0.3640529,2.9107203
119,9,7.0211077,4.4374485
119,10,7.0049744,4.2239046
119,11,0.99103296,3.2059379
119,12,1.1250381,3.6047382
119,13,4.8676076,4.4483914
119,14,4.857832,5.8839455
119,15,4.2726784,4.710205
120,0,7.1142673,5.4649835
120,1,3.7078338,3.8618975
120,2,0.0011048433,0.0030440735
120,3,3.8201517e-05,0.00039973017
120,4,0.0,0.0
120,5,0.0,0.0
120,6,0.0,0.0
120,7,2.1603146,4.1337385
120,8,0.35944515,2.95711
120,9,6.747175,4.4074697
120,10,6.7372985,4.193849
120,11,0.94892126,3.2015605
120,12,1.0802293,3.5960007
120,13,4.6946225,4.4166656
120,14,4.6883535,5.836904
120,15,4.1288834,4.674978
121,0,7.0542736,5.4643545
121,1,3.6804779,3.853598
121,2,-0.00019645334,-0.0005465128
121,3,-6.7582523e-06,-7.2472714e-05
121,4,0.0,0.0
121,5,0.0,0.0
121,6,0.0,0.0
121,7,2.1250362,4.1127133
121,8,0.38086125,3.0503244
121,9,6.6756144,4.4014854
121,10,6.6786118,4.1885624
121,11,0.94393075,3.205411
121,12,1.0748289,3.5990467
121,13,4.664388,4.411946
121,14,4.6666374,5.8301163
121,15,4.111567,4.6687737
122,0,7.1418943,5.4826503
122,1,3.708322,3.8570867
122,2,-0.00027930952,-0.00076836516
122,3,-9.607551e-06,-0.0001002482
122,4,0.0,0.0
122,5,0.0,0.0
122,6,0.0,0.0
122,7,2.1268184,4.110097
122,8,0.388833,3.0608423
122,9,6.7563133,4.4113073
122,10,6.7605505,4.198948
122,11,0.95971644,3.2127116
122,12,1.091493,3.60597
122,13,4.714965,4.421111
122,14,4.717331,5.8448076
122,15,4.152065,4.67782
123,0,7.2246847,5.4979887
123,1,3.7382445,3.8618684
123,2,-0.00028941152,-0.0007869399
123,3,-9.955229e-06,-0.00010098319
123,4,0.0,0.0
123,5,0.0,0.0
123,6,0.0,0.0
123,7,2.1386547,4.1144605
123,8,0.392363,3.0559413
123,9,6.834977,4.4203615
123,10,6.8384767,4.208539
123,11,0.9748486,3.218675
123,12,1.1076057,3.6129122
123,13,4.760683,4.4289865
123,14,4.7626886,5.8574495
123,15,4.1890254,4.6865425
124,0,7.2919664,5.510085
124,1,3.77033,3.867432
124,2,-0.00029564963,-0.000794143
124,3,-1.01704545e-05,-0.00010020206
124,4,0.0,0.0
124,5,0.0,0.0
124,6,0.0,0.0
124,7,2.1589148,4.1245594
124,8,0.39471063,3.0499477
124,9,6.8995075,4.4276876
124,10,6.9024615,4.2159057
124,11,0.9854022,3.2203
124,12,1.1188655,3.6156774
124,13,4.802289,4.4366713
124,14,4.804227,5.8688526
124,15,4.2256875,4.695602
125,0,7.346641,5.5196652
125,1,3.7988381,3.8725655
125,2,-0.00022844636,-0.000607132
125,3,-7.858402e-06,-7.514537e-05
125,4,0.0,0.0
125,5,0.0,0.0
125,6,0.0,0.0
125,7,2.1798334,4.135515
125,8,0.39624238,3.0436351
125,9,6.9521685,4.433568
125,10,6.9544134,4.2214527
125,11,0.9923939,3.218939
125,12,1.1263311,3.615483
125,13,4.83882,4.4437065
125,14,4.840317,5.878668
125,15,4.2573647,4.703331
126,0,7.385553,5.52637
126,1,3.8182948,3.8761544
126,2,-0.00013901455,-0.00036681793
126,3,-4.7805997e-06,-4.4776265e-05
126,4,0.0,0.0
126,5,0.0,0.0
126,6,0.0,0.0
126,7,2.194952,4.1435237
126,8,0.39714122,3.038427
126,9,6.9895725,4.437682
126,10,6.99107,4.2253447
126,11,0.9973689,3.2180772
126,12,1.1316457,3.6154146
126,13,4.864047,4.4484787
126,14,4.8649626,5.8853397
126,15,4.2786307,4.708523
127,0,6.3524246,5.2508583
127,1,3.2125535,3.778441
127,2,0.007033592,0.024004221
127,3,0.0002815581,0.0057148756
127,4,0.0,0.0
127,5,0.0,0.0
127,6,0.0,0.0
127,7,1.7920861,3.9252567
127,8,0.20704156,2.4314933
127,9,6.0883327,4.3120885
127,10,6.010371,4.096098
127,11,0.81452894,3.1479154
127,12,0.9403025,3.5459538
127,13,4.148171,4.293854
127,14,4.0992465,5.6457844
127,15,3.569227,4.5312233
128,0,4.780361,4.8699245
128,1,2.524075,3.6204696
128,2,0.0049209595,0.025042856
128,3,0.00014397217,0.0303816
128,4,0.0,0.0
128,5,0.0,0.0
128,6,0.0,0.0
128,7,1.4192528,3.7244906
128,8,0.13509539,2.3535619
128,9,4.5951405,4.0816374
128,10,4.525035,3.867687
128,11,0.5713475,3.0357256
128,12,0.6996633,3.456552
128,13,3.1631558,4.0384398
128,14,3.122435,5.2825613
128,15,2.746553,4.2595882
129,0,3.598707,4.534686
129,1,2.0295322,3.4753222
129,2,0.0036280917,0.02748402
129,3,1.0128277e-05,0.031373538
129,4,0.0,0.0
129,5,0.0,0.0
129,6,0.0,0.0
129,7,1.1610922,3.5574794
129,8,0.095776826,2.242379
129,9,3.4668958,3.8439453
129,10,3.4208748,3.6260586
129,11,0.36094505,2.7419713
129,12,0.5275066,3.3154442
129,13,2.474492,3.814216
129,14,2.446545,4.9795322
129,15,2.1714668,4.0370417
130,0,2.7188182,4.183693
130,1,1.6526561,3.346077
130,2,0.0028083634,0.033007722
130,3,1.942076e-06,0.01979173
130,4,0.0,0.0
130,5,0.0,0.0
130,6,0.0,0.0
130,7,0.9496379,3.3725927
130,8,0.0677086,2.1153064
130,9,2.621698,3.616527
130,10,2.5840082,3.3966837
130,11,0.21512556,2.4402304
130,12,0.368159,3.0789604
130,13,1.9544241,3.609187
130,14,1.9326608,4.676386
130,15,1.7416443,3.8289356
131,0,2.0784712,3.854803
131,1,1.3415723,3.197495
131,2,0.0021400456,0.046057865
131,3,6.253927e-07,0.014111348
131,4,0.0,0.0
131,5,0.0,0.0
131,6,0.0,0.0
131,7,0.77585924,3.2049613
131,8,0.0476293,1.9533384
131,9,2.0076156,3.3824084
131,10,1.9795976,3.1685019
131,11,0.13482355,2.1784215
131,12,0.26267508,2.8597932
131,13,1.546777,3.4053984
131,14,1.5316818,4.4030604
131,15,1.3956664,3.6129622
132,0,1.629641,3.6131845
132,1,1.0968871,3.0543485
132,2,0.00020746555,0.009498018
132,3,2.6586198e-07,0.0107635595
132,4,0.0,0.0
132,5,0.0,0.0
132,6,0.0,0.0
132,7,0.6472422,3.0576305
132,8,0.03373976,1.8000247
132,9,1.584857,3.1917067
132,10,1.5627413,2.9830992
132,11,0.08770248,1.9635053
132,12,0.19628306,2.6875567
132,13,1.2493157,3.214179
132,14,1.235283,4.1685333
132,15,1.1301109,3.421547
133,0,1.2949852,3.3891568
133,1,0.8982962,2.9228337
133,2,0.00017506693,0.027656974
133,3,1.346897e-07,0.008598801
133,4,0.0,0.0
133,5,0.0,0.0
133,6,0.0,0.0
133,7,0.5379255,2.9141996
133,8,0.024442462,1.676008
133,9,1.2629879,3.0280757
133,10,1.2441125,2.819491
133,11,0.06052677,1.7869942
133,12,0.1495811,2.5090055
133,13,1.009429,3.0354927
133,14,0.99872744,3.9423685
133,15,0.91756415,3.2503128
134,0,1.0098407,3.1324425
134,1,0.73552406,2.8016353
134,2,4.0820778e-05,0.055385735
134,3,7.577471e-08,0.006985409
134,4,0.0,0.0
134,5,0.0,0.0
134,6,0.0,0.0
134,7,0.44525862,2.7693853
134,8,0.019364953,1.583318
134,9,0.98417234,2.8270748
134,10,0.97480977,2.644257
134,11,0.04194443,1.6422825
134,12,0.110910594,2.323862
134,13,0.807914,2.8656058
134,14,0.799046,3.6946084
134,15,0.740335,3.0694683
135,0,0.8013903,2.9092522
135,1,0.6008773,2.656361
135,2,1.0470381e-05,0.044951368
135,3,4.6436565e-08,0.0057692067
135,4,0.0,0.0
135,5,0.0,0.0
135,6,0.0,0.0
135,7,0.36842322,2.6253476
135,8,0.015943175,1.5061538
135,9,0.78203267,2.6495857
135,10,0.7774489,2.4805608
135,11,0.030342147,1.5286745
135,12,0.08237129,2.1404538
135,13,0.65779614,2.7086613
135,14,0.6527914,3.4873743
135,15,0.6043323,2.8915496
136,0,0.65501535,2.727716
136,1,0.49667844,2.5258207
136,2,3.252233e-06,0.032463335
136,3,3.0740416e-08,0.0048975614
136,4,0.0,0.0
136,5,0.0,0.0
136,6,0.0,0.0
136,7,0.30845034,2.4991722
136,8,0.013336695,1.4344449
136,9,0.63887346,2.505399
136,10,0.63506716,2.344866
136,11,0.022452792,1.4046574
136,12,0.064779714,2.0083315
136,13,0.5428164,2.5570717
136,14,0.53977734,3.3079934
136,15,0.49957043,2.7371259
137,0,0.54550767,2.583602
137,1,0.4168294,2.4124146
137,2,1.3346204e-06,0.024652459
137,3,2.1593285e-08,0.004254073
137,4,0.0,0.0
137,5,0.0,0.0
137,6,0.0,0.0
137,7,0.25946236,2.374545
137,8,0.011669258,1.3759886
137,9,0.5320038,2.3845959
137,10,0.52894175,2.2321596
137,11,0.01781379,1.321186
137,12,0.053248562,1.9106009
137,13,0.45390272,2.4252973
137,14,0.45147103,3.1521459
137,15,0.4192295,2.6054394
138,0,0.460145,2.4686704
138,1,0.35398474,2.3130882
138,2,6.649693e-07,0.019689998
138,3,1.58706e-08,0.0037617953
138,4,0.0,0.0
138,5,0.0,0.0
138,6,0.0,0.0
138,7,0.22034496,2.2646484
138,8,0.010262069,1.3217256
138,9,0.44824344,2.2808654
138,10,0.4455945,2.1333709
138,11,0.014567636,1.2416208
138,12,0.04397255,1.8211987
138,13,0.38363093,2.3099747
138,14,0.38146836,3.0156393
138,15,0.35600278,2.4913254
139,0,0.3955564,2.360454
139,1,0.3081524,2.2334566
139,2,3.7659464e-07,0.016250098
139,3,1.2084936e-08,0.0033736308
139,4,0.0,0.0
139,5,0.0,0.0
139,6,0.0,0.0
139,7,0.19444856,2.1865888
139,8,0.00911493,1.2739475
139,9,0.38507837,2.1973128
139,10,0.3828913,2.0512946
139,11,0.0115819555,1.1523696
139,12,0.036762264,1.7429938
139,13,0.33173084,2.21668
139,14,0.32995307,2.899116
139,15,0.30984342,2.4013987
140,0,0.3427816,2.2611961
140,1,0.26935685,2.160597
140,2,2.3514735e-07,0.013843639
140,3,9.467058e-09,0.0030599232
140,4,0.0,0.0
140,5,0.0,0.0
140,6,0.0,0.0
140,7,0.16933617,2.1039104
140,8,0.008207019,1.2331767
140,9,0.33344632,2.1052737
140,10,0.3312648,1.9769075
140,11,0.009417066,1.0790832
140,12,0.031050004,1.6692405
140,13,0.28810418,2.1325307
140,14,0.28666228,2.7822971
140,15,0.27034214,2.319522
141,0,0.3015946,2.1696854
141,1,0.2395496,2.1003542
141,2,1.570939e-07,0.012026592
141,3,7.590406e-09,0.0028012139
141,4,0.0,0.0
141,5,0.0,0.0
141,6,0.0,0.0
141,7,0.14939597,2.033114
141,8,0.007427236,1.195142
141,9,0.2932195,2.0200417
141,10,0.2914788,1.8984528
141,11,0.00797087,1.0255411
141,12,0.026342459,1.5895152
141,13,0.25505823,2.065091
141,14,0.25395682,2.6784496
141,15,0.24041045,2.2465773
142,0,0.26971698,2.0874023
142,1,0.21537912,2.0417216
142,2,1.1115762e-07,0.010670121
142,3,6.204501e-09,0.0025842455
142,4,0.0,0.0
142,5,0.0,0.0
142,6,0.0,0.0
142,7,0.13355422,1.9708343
142,8,0.0067426283,1.1591256
142,9,0.26216653,1.9492192
142,10,0.26062107,1.8328295
142,11,0.0069118617,0.98229766
142,12,0.02248073,1.5167673
142,13,0.22924364,2.0081985
142,14,0.22792216,2.5866265
142,15,0.21636641,2.1728554
143,0,0.24164277,2.009712
143,1,0.19601932,1.9834745
143,2,8.1887855e-08,0.009593062
143,3,5.1551265e-09,0.0023996863
143,4,0.0,0.0
143,5,0.0,0.0
143,6,0.0,0.0
143,7,0.121517,1.9148234
143,8,0.0062405057,1.1316408
143,9,0.23472902,1.882279
143,10,0.23350802,1.7710159
143,11,0.006022006,0.9426091
143,12,0.019615047,1.4528935
143,13,0.20665425,1.9480579
143,14,0.20600611,2.5056183
143,15,0.19668368,2.1067758
144,0,0.22077595,1.9479915
144,1,0.18055299,1.9341921
144,2,6.224689e-08,0.008703735
144,3,4.3434802e-09,0.0022407821
144,4,0.0,0.0
144,5,0.0,0.0
144,6,0.0,0.0
144,7,0.111990966,1.8682756
144,8,0.0058071823,1.1064001
144,9,0.21441583,1.829692
144,10,0.21363014,1.7225657
144,11,0.0053013,0.9072018
144,12,0.01751012,1.3978571
144,13,0.18973935,1.8959918
144,14,0.18915248,2.4396844
144,15,0.1811488,2.0517702
145,0,0.20276307,1.8916118
145,1,0.16685459,1.8882347
145,2,4.8638427e-08,0.007971833
145,3,3.7040937e-09,0.0021025275
145,4,0.0,0.0
145,5,0.0,0.0
145,6,0.0,0.0
145,7,0.10333193,1.823899
145,8,0.0053818393,1.0801939
145,9,0.19688356,1.781863
145,10,0.19617467,1.6776023
145,11,0.0047068214,0.8758309
145,12,0.015632764,1.3450329
145,13,0.17485812,1.8457859
145,14,0.17432342,2.3787513
145,15,0.16740492,2.000713
146,0,0.18693516,1.8395166
146,1,0.15456885,1.8448595
146,2,3.8879858e-08,0.007359195
146,3,3.1923044e-09,0.0019811352
146,4,0.0,0.0
146,5,0.0,0.0
146,6,0.0,0.0
146,7,0.09592126,1.784075
146,8,0.0050464594,1.0587823
146,9,0.1814326,1.7376024
146,10,0.18078655,1.6359737
146,11,0.0042028534,0.84735715
146,12,0.013993053,1.2955419
146,13,0.16170523,1.7992709
146,14,0.16122016,2.3223267
146,15,0.15507478,1.9527211
147,0,0.17291762,1.7910602
147,1,0.14360738,1.804121
147,2,3.1671938e-08,0.006837498
147,3,2.776866e-09,0.0018736875
147,4,0.0,0.0
147,5,0.0,0.0
147,6,0.0,0.0
147,7,0.08953878,1.744664
147,8,0.004745965,1.0388234
147,9,0.16774946,1.6965511
147,10,0.16714764,1.5972943
147,11,0.003755348,0.8202742
147,12,0.012534901,1.2483789
147,13,0.15003225,1.7561054
147,14,0.14958663,2.2699628
147,15,0.14406598,1.9079344
148,0,0.15958437,1.742735
148,1,0.13326225,1.7638856
148,2,2.623438e-08,0.006392087
148,3,2.43543e-09,0.0017779018
148,4,0.0,0.0
148,5,0.0,0.0
148,6,0.0,0.0
148,7,0.08314516,1.7033248
148,8,0.0044730003,1.0200763
148,9,0.15470606,1.6555953
148,10,0.15413338,1.5585928
148,11,0.003365586,0.7952559
148,12,0.011010541,1.1950791
148,13,0.13897711,1.713425
148,14,0.13855805,2.2181354
148,15,0.13369307,1.8639054
149,0,0.15059356,1.7086071
149,1,0.12268612,1.7202835
149,2,2.2008996e-08,0.005996645
149,3,2.151769e-09,0.0016920235
149,4,0.0,0.0
149,5,0.0,0.0
149,6,0.0,0.0
149,7,0.065472394,1.2552569
149,8,0.004220492,1.0017552
149,9,0.14602652,1.6272526
149,10,0.14553213,1.5317605
149,11,0.003042607,0.77282876
149,12,0.009772881,1.1480472
149,13,0.13204609,1.6857443
149,14,0.13166109,2.1845098
149,15,0.12650695,1.8337933
150,0,0.14124647,1.6719054
150,1,0.12085861,1.7074158
150,2,1.8536108e-08,0.005602308
150,3,1.913383e-09,0.0016143657
150,4,0.0,0.0
150,5,0.0,0.0
150,6,0.0,0.0
150,7,0.119331606,1.8629522
150,8,0.003985985,0.984258
150,9,0.1369452,1.5965799
150,10,0.13646853,1.50279
150,11,0.002780084,0.75393295
150,12,0.008819105,1.1097656
150,13,0.12400265,1.6524183
150,14,0.123539984,2.1436415
150,15,0.118229344,1.7942929
151,0,0.13196483,1.6340152
151,1,0.11582962,1.6916864
151,2,1.5993555e-08,0.0053247474
151,3,1.711854e-09,0.0015440487
151,4,0.0,0.0
151,5,0.0,0.0
151,6,0.0,0.0
151,7,0.09426686,1.8169332
151,8,0.0037699458,0.96765625
151,9,0.12791216,1.5648916
151,10,0.12751412,1.4731205
151,11,0.0025141884,0.73366773
151,12,0.008076888,1.0785266
151,13,0.116374895,1.6196306
151,14,0.116075605,2.1047275
151,15,0.11312769,1.7690599
152,0,0.12510723,1.6049399
152,1,0.10548153,1.6486298
152,2,1.3961662e-08,0.0050893226
152,3,1.5397984e-09,0.0014800539
152,4,0.0,0.0
152,5,0.0,0.0
152,6,0.0,0.0
152,7,0.031933643,0.69319254
152,8,0.0035705254,0.9516517
152,9,0.12128401,1.5408621
152,10,0.12093415,1.450547
152,11,0.002335974,0.7195126
152,12,0.0074468628,1.0504539
152,13,0.11066122,1.5942618
152,14,0.110399775,2.0741973
152,15,0.10817098,1.7464211
153,0,0.11840788,1.5756559
153,1,0.0992029,1.6185312
153,2,1.21847235e-08,0.004836682
153,3,1.3917293e-09,0.0014213932
153,4,0.0,0.0
153,5,0.0,0.0
153,6,0.0,0.0
153,7,0.031710595,0.6892512
153,8,0.0033856737,0.9363832
153,9,0.11478485,1.5165927
153,10,0.11444336,1.4276766
153,11,0.0021936083,0.7079605
153,12,0.0068861274,1.0243777
153,13,0.10482861,1.5675247
153,14,0.10493545,2.0439398
153,15,0.103062406,1.7217932
154,0,0.113537565,1.553655
154,1,0.094163105,1.5925146
154,2,1.0701039e-08,0.0046027964
154,3,1.2635272e-09,0.0013674974
154,4,0.0,0.0
154,5,0.0,0.0
154,6,0.0,0.0
154,7,0.03196066,0.69005674
154,8,0.003213427,0.92157054
154,9,0.11014968,1.4988277
154,10,0.10985319,1.4110084
154,11,0.002060046,0.6964899
154,12,0.0064726193,1.0042949
154,13,0.100879535,1.5490205
154,14,0.10062559,2.019502
154,15,0.097840056,1.6955276
155,0,0.10787706,1.5275432
155,1,0.09026775,1.5713363
155,2,9.455176e-09,0.0043879338
155,3,1.1518376e-09,0.0013177999
155,4,0.0,0.0
155,5,0.0,0.0
155,6,0.0,0.0
155,7,0.05651062,1.2082508
155,8,0.0030524503,0.9074366
155,9,0.10462245,1.4771047
155,10,0.10433644,1.3905513
155,11,0.0019386425,0.68592954
155,12,0.0060465974,0.9829343
155,13,0.09595221,1.5252838
155,14,0.0957263,1.9909911
155,15,0.09267935,1.6683468
156,0,0.10282235,1.5035336
156,1,0.08851589,1.5600361
156,2,8.380922e-09,0.0041802553
156,3,1.0539322e-09,0.0012717637
156,4,0.0,0.0
156,5,0.0,0.0
156,6,0.0,0.0
156,7,0.09502737,1.7343218
156,8,0.0029018987,0.89380336
156,9,0.099671826,1.4571346
156,10,0.09905522,1.370456
156,11,0.0018290193,0.6761729
156,12,0.005657741,0.9627433
156,13,0.09084448,1.4999087
156,14,0.09067163,1.9607475
156,15,0.087387234,1.6389296
157,0,0.09761875,1.478109
157,1,0.08595479,1.5473413
157,2,7.509589e-09,0.0040117763
157,3,9.677498e-10,0.0012291011
157,4,0.0,0.0
157,5,0.0,0.0
157,6,0.0,0.0
157,7,0.097966984,1.7924675
157,8,0.0027613016,0.8807509
157,9,0.09468817,1.4364548
157,10,0.09444903,1.352382
157,11,0.00172987,0.6669588
157,12,0.005325934,0.9447923
157,13,0.08706501,1.4806836
157,14,0.086876586,1.937422
157,15,0.083925,1.619129
158,0,0.093456455,1.4571936
158,1,0.08316125,1.5338509
158,2,6.7705463e-09,0.0038615016
158,3,8.9147334e-10,0.0011893965
158,4,0.0,0.0
158,5,0.0,0.0
158,6,0.0,0.0
158,7,0.09139426,1.7756877
158,8,0.0026304522,0.8681952
158,9,0.09066981,1.4193748
158,10,0.09044905,1.3363179
158,11,0.0016399433,0.6583689
158,12,0.005033265,0.92844343
158,13,0.083472714,1.4619477
158,14,0.08330032,1.9149523
158,15,0.08084898,1.6012571
159,0,0.08962825,1.437494
159,1,0.07998579,1.5182692
159,2,6.137341e-09,0.0037260463
159,3,8.236596e-10,0.0011523468
159,4,0.0,0.0
159,5,0.0,0.0
159,6,0.0,0.0
159,7,0.07801555,1.7032595
159,8,0.0025091814,0.8562418
159,9,0.08697081,1.4032981
159,10,0.08676107,1.3211708
159,11,0.0015579767,0.65032935
159,12,0.0047702566,0.9132936
159,13,0.08014391,1.4441848
159,14,0.07998063,1.8936317
159,15,0.07803266,1.5847229
160,0,0.0861235,1.4217117
160,1,0.076398864,1.5004802
160,2,5.586685e-09,0.0036008891
160,3,7.630823e-10,0.0011176814
160,4,0.0,0.0
160,5,0.0,0.0
160,6,0.0,0.0
160,7,0.025250921,0.64887875
160,8,0.002398306,0.8450396
160,9,0.083550945,1.388128
160,10,0.08335571,1.306886
160,11,0.0014828788,0.6427747
160,12,0.004531624,0.8991409
160,13,0.07707085,1.4274335
160,14,0.07691856,1.8735571
160,15,0.07545306,1.5692136
161,0,0.08339016,1.4102958
161,1,0.070513144,1.467913
161,2,5.1277307e-09,0.0034997244
161,3,7.088801e-10,0.0010852374
161,4,0.0,0.0
161,5,0.0,0.0
161,6,0.0,0.0
161,7,0.023198945,0.6280615
161,8,0.0022944678,0.83422273
161,9,0.08092284,1.3762422
161,10,0.080734864,1.2956287
161,11,0.0014139456,0.63557994
161,12,0.0043143257,0.88579094
161,13,0.07474345,1.4145037
161,14,0.07459773,1.8580507
161,15,0.0727807,1.5541968
162,0,0.078522444,1.3844237
162,1,0.06710092,1.4471936
162,2,4.6928728e-09,0.00338457
162,3,6.600629e-10,0.0010547021
162,4,0.0,0.0
162,5,0.0,0.0
162,6,0.0,0.0
162,7,0.022977706,0.6250263
162,8,0.0021977723,0.82433623
162,9,0.07616308,1.3546466
162,10,0.07599348,1.2749916
162,11,0.0013502595,0.62915796
162,12,0.004115041,0.87360644
162,13,0.07029196,1.3890818
162,14,0.07015909,1.8276715
162,15,0.068880364,1.5302002
163,0,0.07596862,1.3697363
163,1,0.06484405,1.4327271
163,2,4.3010098e-09,0.003270843
163,3,6.159739e-10,0.0010259129
163,4,0.0,0.0
163,5,0.0,0.0
163,6,0.0,0.0
163,7,0.023221748,0.62645376
163,8,0.0021075069,0.8146158
163,9,0.07372917,1.3433957
163,10,0.0735721,1.2640997
163,11,0.0012912503,0.6227401
163,12,0.003931555,0.8617548
163,13,0.06812847,1.3764503
163,14,0.06800704,1.8125896
163,15,0.06660733,1.5160171
164,0,0.073469445,1.354969
164,1,0.06209895,1.4151351
164,2,3.960965e-09,0.0031699378
164,3,5.7607336e-10,0.0009987968
164,4,0.0,0.0
164,5,0.0,0.0
164,6,0.0,0.0
164,7,0.02298761,0.62401026
164,8,0.0020230615,0.8053361
164,9,0.071299836,1.3319706
164,10,0.07114744,1.2530197
164,11,0.0012363773,0.61667037
164,12,0.0037617786,0.85054123
164,13,0.06593735,1.36343
164,14,0.06581721,1.7969875
164,15,0.064078614,1.4998982
165,0,0.071471736,1.342907
165,1,0.060911763,1.4079268
165,2,3.6590677e-09,0.0030758653
165,3,5.398516e-10,0.00097320817
165,4,0.0,0.0
165,5,0.0,0.0
165,6,0.0,0.0
165,7,0.022566408,0.62088156
165,8,0.0019438816,0.7963854
165,9,0.06939253,1.3228633
165,10,0.069249555,1.2441809
165,11,0.001185182,0.6108268
165,12,0.0036040242,0.8398057
165,13,0.064247414,1.35324
165,14,0.0641121,1.7846559
165,15,0.06269556,1.4907777
166,0,0.069037765,1.3279073
166,1,0.059035018,1.3960879
166,2,3.389779e-09,0.0029879916
166,3,5.068382e-10,0.00094895123
166,4,0.0,0.0
166,5,0.0,0.0
166,6,0.0,0.0
166,7,0.021915523,0.61550796
166,8,0.0018693621,0.78786564
166,9,0.06703403,1.3114159
166,10,0.06689344,1.2330892
166,11,0.0011373406,0.60535336
166,12,0.0034570568,0.8296679
166,13,0.06210208,1.3400779
166,14,0.061989997,1.7690722
166,15,0.060687657,1.4773827
167,0,0.065132074,1.3030276
167,1,0.05760225,1.3878953
167,2,3.151526e-09,0.0029086291
167,3,4.7668725e-10,0.0009259558
167,4,0.0,0.0
167,5,0.0,0.0
167,6,0.0,0.0
167,7,0.01968458,0.5993168
167,8,0.0017987932,0.7798835
167,9,0.06311741,1.2919278
167,10,0.06298064,1.2143438
167,11,0.0010926998,0.6004323
167,12,0.0033198777,0.8202763
167,13,0.058385193,1.3166301
167,14,0.058274258,1.741048
167,15,0.05724278,1.4530861
168,0,0.063174956,1.2903254
168,1,0.054497525,1.3656144
168,2,2.9295182e-09,0.0028268378
168,3,4.490632e-10,0.0009040883
168,4,0.0,0.0
168,5,0.0,0.0
168,6,0.0,0.0
168,7,0.045138836,1.1323738
168,8,0.0017316259,0.77182275
168,9,0.061369695,1.2830487
168,10,0.061251536,1.2057927
168,11,0.0010509691,0.59541637
168,12,0.003191623,0.8109676
168,13,0.05683763,1.3066612
168,14,0.056729104,1.7290789
168,15,0.055353425,1.4406834
169,0,0.06135052,1.2780198
169,1,0.052991427,1.3555757
169,2,2.7325444e-09,0.0027529055
169,3,4.237243e-10,0.0008833271
169,4,0.0,0.0
169,5,0.0,0.0
169,6,0.0,0.0
169,7,0.04426661,1.1267558
169,8,0.0016676814,0.7640121
169,9,0.059571903,1.2737792
169,10,0.05945584,1.1967971
169,11,0.0010118305,0.5906569
169,12,0.0030715638,0.80209774
169,13,0.055210643,1.2960203
169,14,0.05510993,1.715392
169,15,0.053815,1.4298203
170,0,0.05962237,1.2661467
170,1,0.051592417,1.3461077
170,2,2.5540607e-09,0.002682861
170,3,4.004143e-10,0.00086355966
170,4,0.0,0.0
170,5,0.0,0.0
170,6,0.0,0.0
170,7,0.0434713,1.121584
170,8,0.0016069672,0.75644135
170,9,0.057904307,1.2639651
170,10,0.057788905,1.1883273
170,11,0.0009750094,0.58609664
170,12,0.0029590542,0.7936097
170,13,0.05370292,1.2860141
170,14,0.05360846,1.7004038
170,15,0.05238664,1.4197052
171,0,0.05803197,1.2549744
171,1,0.049985304,1.336561
171,2,2.397063e-09,0.0026220847
171,3,3.789244e-10,0.0008447139
171,4,0.0,0.0
171,5,0.0,0.0
171,6,0.0,0.0
171,7,0.01812691,0.5817647
171,8,0.0015495257,0.74913234
171,9,0.05637411,1.2526689
171,10,0.05622776,1.1805036
171,11,0.0009409016,0.58106756
171,12,0.0028535416,0.7854965
171,13,0.052228782,1.2760893
171,14,0.052053634,1.6845675
171,15,0.051338535,1.4121587
172,0,0.056546383,1.2443461
172,1,0.04868846,1.3274298
172,2,2.249084e-09,0.0025589382
172,3,3.5907213e-10,0.00082672597
172,4,0.0,0.0
172,5,0.0,0.0
172,6,0.0,0.0
172,7,0.017728396,0.578055
172,8,0.0014953185,0.7421022
172,9,0.054944426,1.2411075
172,10,0.054804906,1.1732125
172,11,0.00090807595,0.5744964
172,12,0.002754539,0.77773446
172,13,0.05096297,1.267482
172,14,0.05087011,1.6724353
172,15,0.050079077,1.4030442
173,0,0.054979984,1.2329428
173,1,0.047398943,1.3182192
173,2,2.1141122e-09,0.0024991366
173,3,3.4069697e-10,0.00080953655
173,4,0.0,0.0
173,5,0.0,0.0
173,6,0.0,0.0
173,7,0.01735612,0.57456803
173,8,0.001444215,0.7353785
173,9,0.05342805,1.2286417
173,10,0.0532787,1.1634153
173,11,0.00087701477,0.56828517
173,12,0.00266159,0.7704451
173,13,0.049548395,1.2579446
173,14,0.049450148,1.6575903
173,15,0.04871151,1.3929989
174,0,0.053234443,1.2195958
174,1,0.04591135,1.3058329
174,2,1.9879487e-09,0.002439193
174,3,3.236622e-10,0.000793104
174,4,0.0,0.0
174,5,0.0,0.0
174,6,0.0,0.0
174,7,0.0685071,1.6014702
174,8,0.0013960148,0.7289963
174,9,0.051414758,1.2117039
174,10,0.05060462,1.1439722
174,11,0.0008476194,0.5627029
174,12,0.0025742895,0.7638881
174,13,0.046452444,1.2364571
174,14,0.046345487,1.6242754
174,15,0.04528857,1.3668854
175,0,0.050292417,1.1976107
175,1,0.043644585,1.291101
175,2,1.8815591e-09,0.0023940613
175,3,3.0783417e-10,0.0007773587
175,4,0.0,0.0
175,5,0.0,0.0
175,6,0.0,0.0
175,7,0.015542966,0.5567852
175,8,0.0013503528,0.72297955
175,9,0.04887759,1.1897072
175,10,0.049119648,1.1318924
175,11,0.0008196451,0.5567122
175,12,0.002491528,0.7569902
175,13,0.046057094,1.2337837
175,14,0.04602202,1.6207998
175,15,0.044994645,1.3648818
176,0,0.048922077,1.1868123
176,1,0.0425363,1.2827026
176,2,1.7764769e-09,0.0023418043
176,3,2.931031e-10,0.00076225767
176,4,0.0,0.0
176,5,0.0,0.0
176,6,0.0,0.0
176,7,0.015229239,0.5535785
176,8,0.0013069827,0.716979
176,9,0.047520354,1.177664
176,10,0.047387697,1.1175554
176,11,0.0007931996,0.5512852
176,12,0.0024148922,0.7508475
176,13,0.04401415,1.2191398
176,14,0.043933794,1.5975213
176,15,0.043380216,1.3522696
177,0,0.047644682,1.1765916
177,1,0.041486517,1.274646
177,2,1.6797038e-09,0.002291963
177,3,2.7937477e-10,0.00074777106
177,4,0.0,0.0
177,5,0.0,0.0
177,6,0.0,0.0
177,7,0.014929567,0.5504775
177,8,0.0012655929,0.7111507
177,9,0.046290167,1.1665683
177,10,0.04616455,1.1072121
177,11,0.0007680623,0.54584295
177,12,0.0023531131,0.74570465
177,13,0.04288522,1.2109315
177,14,0.042807754,1.5847454
177,15,0.04227227,1.3435274
178,0,0.046337515,1.1659516
178,1,0.040384784,1.2640976
178,2,1.5869157e-09,0.0022394678
178,3,2.6655997e-10,0.00073385774
178,4,0.0,0.0
178,5,0.0,0.0
178,6,0.0,0.0
178,7,0.040065967,1.092922
178,8,0.001226001,0.70549834
178,9,0.045028124,1.1550002
178,10,0.044902615,1.0963619
178,11,0.0007442245,0.54061234
178,12,0.0022848053,0.7399136
178,13,0.041715346,1.2022624
178,14,0.041636836,1.5703104
178,15,0.04071605,1.3312048
179,0,0.045164764,1.1562277
179,1,0.03982161,1.2595714
179,2,1.5034446e-09,0.0021925098
179,3,2.5458036e-10,0.0007204835
179,4,0.0,0.0
179,5,0.0,0.0
179,6,0.0,0.0
179,7,0.0557919,1.4024674
179,8,0.0011881166,0.6999919
179,9,0.043895274,1.1444513
179,10,0.04378275,1.0865698
179,11,0.00072165526,0.53554773
179,12,0.0022178637,0.7341167
179,13,0.040702112,1.1946013
179,14,0.040631585,1.5564961
179,15,0.039705005,1.322386
180,0,0.04409653,1.1472311
180,1,0.03835316,1.2480366
180,2,1.4285301e-09,0.0021511475
180,3,2.4336566e-10,0.00070761645
180,4,0.0,0.0
180,5,0.0,0.0
180,6,0.0,0.0
180,7,0.028078452,0.84268856
180,8,0.0011519089,0.6946382
180,9,0.04286834,1.1347485
180,10,0.04276081,1.077497
180,11,0.0007003159,0.5306662
180,12,0.0021539126,0.7284813
180,13,0.03974865,1.1872926
180,14,0.039596014,1.5419656
180,15,0.038742825,1.3124139
181,0,0.04301986,1.1380174
181,1,0.03859794,1.2500899
181,2,1.3555035e-09,0.0021061487
181,3,2.3285282e-10,0.0006952274
181,4,0.0,0.0
181,5,0.0,0.0
181,6,0.0,0.0
181,7,0.06437611,1.5586859
181,8,0.0011173626,0.68946177
181,9,0.04182715,1.1247683
181,10,0.041721124,1.0681338
181,11,0.00067988475,0.52592576
181,12,0.00209308,0.72305596
181,13,0.03881588,1.1800787
181,14,0.038752448,1.5300224
181,15,0.037902683,1.3034537
182,0,0.04206268,1.1296985
182,1,0.037828557,1.2453147
182,2,1.2917489e-09,0.002069529
182,3,2.2298513e-10,0.00068328955
182,4,0.0,0.0
182,5,0.0,0.0
182,6,0.0,0.0
182,7,0.013842152,0.54072255
182,8,0.0010844497,0.6844456
182,9,0.040904246,1.1157985
182,10,0.040799294,1.0597076
182,11,0.00065988366,0.5211796
182,12,0.002035194,0.71779937
182,13,0.037972815,1.1734765
182,14,0.037908215,1.5178773
182,15,0.037330724,1.2968221
183,0,0.04089427,1.119548
183,1,0.036126394,1.2268817
183,2,1.2304452e-09,0.0020313363
183,3,2.1371147e-10,0.0006717778
183,4,0.0,0.0
183,5,0.0,0.0
183,6,0.0,0.0
183,7,0.04800394,1.2682158
183,8,0.0010531172,0.67963064
183,9,0.039855503,1.1054605
183,10,0.039787494,1.0503356
183,11,0.0006403989,0.5165027
183,12,0.0019800672,0.7127508
183,13,0.037052713,1.166184
183,14,0.03699094,1.5045006
183,15,0.036229867,1.2841964
184,0,0.04004546,1.1116587
184,1,0.034878016,1.2147946
184,2,1.178358e-09,0.0020033868
184,3,2.0498565e-10,0.0006606692
184,4,0.0,0.0
184,5,0.0,0.0
184,6,0.0,0.0
184,7,0.012613757,0.5253023
184,8,0.0010233122,0.6749734
184,9,0.038851924,1.095407
184,10,0.038370285,1.0369593
184,11,0.0006219023,0.51202756
184,12,0.0019275558,0.70806587
184,13,0.035351783,1.1521822
184,14,0.03526666,1.4788218
184,15,0.034914296,1.2668614
185,0,0.037399195,1.0874506
185,1,0.03251174,1.1852357
185,2,1.1270502e-09,0.0019724062
185,3,1.9676581e-10,0.00064994197
185,4,0.0,0.0
185,5,0.0,0.0
185,6,0.0,0.0
185,7,0.012694437,0.5259063
185,8,0.000994922,0.670747
185,9,0.036324747,1.0693936
185,10,0.036231227,1.0162531
185,11,0.00060422305,0.5065043
185,12,0.0018774217,0.7035854
185,13,0.033624128,1.1343884
185,14,0.03355378,1.4527955
185,15,0.03301534,1.2416818
186,0,0.036700472,1.0810344
186,1,0.032195702,1.1823337
186,2,1.0772199e-09,0.0019394022
186,3,1.8901412e-10,0.0006395766
186,4,0.0,0.0
186,5,0.0,0.0
186,6,0.0,0.0
186,7,0.011446377,0.51220846
186,8,0.0009678778,0.6663623
186,9,0.035761677,1.0634654
186,10,0.035553783,1.0094901
186,11,0.000587692,0.50105965
186,12,0.0018296153,0.6990087
186,13,0.032813784,1.1257896
186,14,0.03271538,1.4397705
186,15,0.032237567,1.2308447
187,0,0.035655342,1.0700868
187,1,0.031148864,1.1670046
187,2,1.0288477e-09,0.0019045225
187,3,1.8169609e-10,0.00062955427
187,4,0.0,0.0
187,5,0.0,0.0
187,6,0.0,0.0
187,7,0.024971703,0.8127729
187,8,0.0009420952,0.6622158
187,9,0.034649417,1.0515647
187,10,0.034561254,0.99947906
187,11,0.00057214976,0.49587357
187,12,0.0017839049,0.69459796
187,13,0.032084882,1.1181285
187,14,0.032017313,1.4287753
187,15,0.031464458,1.2202748
188,0,0.034881365,1.0611212
188,1,0.030398332,1.1568563
188,2,9.846255e-10,0.0018730275
188,3,1.7478027e-10,0.00061985763
188,4,0.0,0.0
188,5,0.0,0.0
188,6,0.0,0.0
188,7,0.02495331,0.811866
188,8,0.0009174782,0.658159
188,9,0.033883713,1.0432464
188,10,0.033744022,0.99109256
188,11,0.0005575903,0.490942
188,12,0.001740229,0.6903378
188,13,0.03128745,1.1095293
188,14,0.031219682,1.4160342
188,15,0.030660685,1.2089295
189,0,0.034021363,1.051041
189,1,0.02970067,1.1486652
189,2,9.451415e-10,0.001846646
189,3,1.6823823e-10,0.00061047095
189,4,0.0,0.0
189,5,0.0,0.0
189,6,0.0,0.0
189,7,0.010890253,0.50467896
189,8,0.00089394656,0.6542498
189,9,0.033065617,1.0342367
189,10,0.03298007,0.98313093
189,11,0.0005438629,0.4862014
189,12,0.0016984331,0.68618596
189,13,0.030618664,1.1009007
189,14,0.030550472,1.4051967
189,15,0.030146915,1.2014842
190,0,0.033254836,1.0418948
190,1,0.02881123,1.1352559
190,2,9.0509356e-10,0.0018154324
190,3,1.620438e-10,0.00060137885
190,4,0.0,0.0
190,5,0.0,0.0
190,6,0.0,0.0
190,7,0.011588661,0.51343995
190,8,0.0008714309,0.65046006
190,9,0.03228853,1.0255542
190,10,0.032172598,0.9745916
190,11,0.0005308701,0.4816704
190,12,0.001658404,0.6821941
190,13,0.029850569,1.0907416
190,14,0.029783078,1.3925934
190,15,0.029299423,1.1893129
191,0,0.03245966,1.0323162
191,1,0.028204497,1.1267762
191,2,8.6829033e-10,0.0017870768
191,3,1.5617302e-10,0.0005925673
191,4,0.0,0.0
191,5,0.0,0.0
191,6,0.0,0.0
191,7,0.011341923,0.5105354
191,8,0.0008498575,0.64678836
191,9,0.03154987,1.0171903
191,10,0.031466752,0.9670232
191,11,0.0005185145,0.47727787
191,12,0.0016200296,0.67829597
191,13,0.029212397,1.0821857
191,14,0.029145755,1.3819801
191,15,0.02867686,1.18015
192,0,0.031637255,1.0222378
192,1,0.028337844,1.1292665
192,2,8.3204255e-10,0.0017563805
192,3,1.5060408e-10,0.00058402313
192,4,0.0,0.0
192,5,0.0,0.0
192,6,0.0,0.0
192,7,0.054088853,1.4922473
192,8,0.00082917,0.6432414
192,9,0.030741755,1.0079045
192,10,0.030654842,0.95819646
192,11,0.0005067201,0.47305286
192,12,0.0015832094,0.6745522
192,13,0.028444849,1.0717406
192,14,0.028376464,1.368984
192,15,0.027861975,1.1678064
193,0,0.030936021,1.0135224
193,1,0.027535256,1.1185675
193,2,8.007776e-10,0.0017329542
193,3,1.4531693e-10,0.000575734
193,4,0.0,0.0
193,5,0.0,0.0
193,6,0.0,0.0
193,7,0.009917793,0.49393123
193,8,0.0008093106,0.63978124
193,9,0.030069312,1.0000697
193,10,0.02998966,0.9508554
193,11,0.000495424,0.46892422
193,12,0.00154785,0.670884
193,13,0.02780402,1.0628778
193,14,0.027677417,1.3569697
193,15,0.027269665,1.1587987
194,0,0.030178241,1.0039705
194,1,0.026966471,1.1092842
194,2,7.6843293e-10,0.0017041132
194,3,1.4029304e-10,0.00056768826
194,4,0.0,0.0
194,5,0.0,0.0
194,6,0.0,0.0
194,7,0.05578022,1.470705
194,8,0.00079022045,0.63643324
194,9,0.029332504,0.9913655
194,10,0.029255576,0.94264585
194,11,0.00048457846,0.4649228
194,12,0.0015138679,0.66734517
194,13,0.027150067,1.0537461
194,14,0.027088646,1.3467584
194,15,0.026574295,1.1481884
195,0,0.029534634,0.9957241
195,1,0.02593642,1.0952477
195,2,7.418107e-10,0.001685089
195,3,1.3551556e-10,0.00055987516
195,4,0.0,0.0
195,5,0.0,0.0
195,6,0.0,0.0
195,7,0.009204218,0.48369804
195,8,0.0007717822,0.6331525
195,9,0.028682854,0.98358333
195,10,0.028568832,0.93484896
195,11,0.00047414633,0.46102065
195,12,0.0014811885,0.66390616
195,13,0.026485234,1.0443063
195,14,0.026424982,1.3350602
195,15,0.026122518,1.141139
196,0,0.028839413,0.98673296
196,1,0.024903473,1.0792525
196,2,7.147775e-10,0.0016625244
196,3,1.3096878e-10,0.00055228436
196,4,0.0,0.0
196,5,0.0,0.0
196,6,0.0,0.0
196,7,0.009152048,0.4823067
196,8,0.000753755,0.62991613
196,9,0.028032117,0.9756876
196,10,0.027957646,0.9278208
196,11,0.00046409358,0.45719048
196,12,0.0014497405,0.6605365
196,13,0.025902813,1.0358976
196,14,0.025599495,1.3200507
196,15,0.02530659,1.1282706
197,0,0.028136104,0.9774927
197,1,0.024086498,1.0666261
197,2,6.885097e-10,0.0016390987
197,3,1.2663832e-10,0.0005449062
197,4,0.0,0.0
197,5,0.0,0.0
197,6,0.0,0.0
197,7,0.008774321,0.47855377
197,8,0.00073587126,0.6266749
197,9,0.02735538,0.9673606
197,10,0.027283002,0.9199573
197,11,0.00045439805,0.453467
197,12,0.0014194617,0.6572871
197,13,0.02530661,1.0272249
197,14,0.025247153,1.3138669
197,15,0.02459547,1.1169275
198,0,0.026983762,0.9621748
198,1,0.023749013,1.0614593
198,2,6.6380684e-10,0.0016168939
198,3,1.2251086e-10,0.0005377316
198,4,0.0,0.0
198,5,0.0,0.0
198,6,0.0,0.0
198,7,0.008554174,0.47439218
198,8,0.0007179857,0.62346065
198,9,0.026366122,0.9549773
198,10,0.026492292,0.9106221
198,11,0.0004450325,0.4498278
198,12,0.0013902518,0.6541282
198,13,0.024673428,1.0178552
198,14,0.024614915,1.3022501
198,15,0.024348814,1.1129041
199,0,0.025961526,0.94807416
199,1,0.022807498,1.0459313
199,2,6.403615e-10,0.0015953827
199,3,1.1857408e-10,0.00053075206
199,4,0.0,0.0
199,5,0.0,0.0
199,6,0.0,0.0
199,7,0.008646038,0.4756942
199,8,0.0007001752,0.6202336
199,9,0.025240578,0.94053555
199,10,0.025323879,0.8964981
199,11,0.0004359641,0.44635296
199,12,0.0013618662,0.65116024
199,13,0.023820248,1.0051162
199,14,0.023969572,1.2902305
199,15,0.023647549,1.1014506
200,0,0.024877258,0.93272895
200,1,0.02148047,1.0240738
200,2,6.180191e-10,0.0015744161
200,3,1.14816594e-10,0.0005239595
200,4,0.0,0.0
200,5,0.0,0.0
200,6,0.0,0.0
200,7,0.03242,1.0169343
200,8,0.0006828606,0.6167177
200,9,0.024036866,0.9246725
200,10,0.024194773,0.8824977
200,11,0.00042722205,0.44294688
200,12,0.0013343259,0.648235
200,13,0.02243207,0.98335695
200,14,0.022031244,1.2526925
200,15,0.021455226,1.0639708
201,0,0.024007618,0.9203125
201,1,0.020762185,1.0118966
201,2,5.969229e-10,0.0015544406
201,3,1.1122781e-10,0.0005173462
201,4,0.0,0.0
201,5,0.0,0.0
201,6,0.0,0.0
201,7,0.008321672,0.47192013
201,8,0.0006657565,0.6117336
201,9,0.023289371,0.9146
201,10,0.02321162,0.8699469
201,11,0.00041879882,0.4396571
201,12,0.0013077467,0.6454363
201,13,0.021335829,0.96587753
201,14,0.021236613,1.2370024
201,15,0.020845242,1.0531657
202,0,0.023378693,0.9111007
202,1,0.020237336,1.0035877
202,2,5.7730365e-10,0.001536221
202,3,1.07797986e-10,0.00051090505
202,4,0.0,0.0
202,5,0.0,0.0
202,6,0.0,0.0
202,7,0.0073342323,0.4550452
202,8,0.00064928253,0.606845
202,9,0.0226794,0.9062394
202,10,0.022610564,0.8621267
202,11,0.00041061454,0.43630928
202,12,0.0012821883,0.64256406
202,13,0.020821922,0.9575
202,14,0.020766154,1.2274553
202,15,0.02044151,1.0458949
203,0,0.022776801,0.9021469
203,1,0.019627405,0.99257195
203,2,5.577834e-10,0.0015162431
203,3,1.0451796e-10,0.0005046292
203,4,0.0,0.0
203,5,0.0,0.0
203,6,0.0,0.0
203,7,0.0074741514,0.45789817
203,8,0.0006335337,0.6021067
203,9,0.022092175,0.8980671
203,10,0.02202566,0.8543987
203,11,0.0004026942,0.4330309
203,12,0.0012576891,0.6397898
203,13,0.020273974,0.948405
203,14,0.020221954,1.2162488
203,15,0.019930951,1.0366215
204,0,0.022226617,0.8938334
204,1,0.019372266,0.98838925
204,2,5.390759e-10,0.0014964793
204,3,1.0137931e-10,0.00049851224
204,4,0.0,0.0
204,5,0.0,0.0
204,6,0.0,0.0
204,7,0.007096689,0.44970113
204,8,0.0006185402,0.59753054
204,9,0.021548484,0.8903884
204,10,0.021482266,0.8471095
204,11,0.0003950239,0.42981258
204,12,0.0012341863,0.6370995
204,13,0.019765873,0.93984306
204,14,0.01971687,1.2056894
204,15,0.01945419,1.0277722
